Time,P_HP,H_industry,H_HV_refuel,P_electrolysis_H2,Q_storage_charge,P_electrolysis_fuel,H_storage_discharge,D_EV,P_wind,Q_CHP,Q_storage,SOC_HV,P_EV_charge,F_ICV_refuel,Q_buildings_th,CO2_captured,SOC_EV,F_E2F,P_CHP,H_fuelcell,P_solar,P_fuelcell,F_industry,Cert_purchase,H_electrolysis,P_electrolysis,D_HV,P_buildings_elec,E_storage,H_storage,P_storage_charge,H_storage_charge,P_industry_elec,P_EV_V2G,Emissions_total,P_CCUS,SOC_ICV,Q_HP,P_storage_discharge,D_ICV,F_fuel,P_grid,Q_storage_discharge,F_CHP,Q_industry_th
1,1.6153862307125843e-6,47.601876747805505,49.17242685219197,92.07712631056772,9.361451207609568,207.92285169051786,41.52803162002287,100.4738101772018,263.6642541215405,411.861432251655,100.0,5000.0,5.169074631230392e-6,2.3986219833938173e-5,162.5,311.8843974683393,300.0,62.376855507155355,360.3787532201981,1.1351843654576609e-6,1.2965265537767092e-10,6.81110619274596e-7,109.84869960408807,0.0,55.24627578634063,299.9999780010856,43.60670308391466,96.00001010816898,100.0,100.0,2.9429667304311193e-6,2.6711816806678537e-6,340.0000094982122,2.7432910795367055e-6,311.8844150884522,62.37687977158213,30000.0,4.846158692137753e-6,43.64150017287353,155.91948673888356,246.53822700478577,130.6923761673329,1.3625180015983828e-5,199.06635892163322,240.0
2,3.824059175929655e-6,54.52258069996828,16.87135725270437,118.9898601559895,1.2261670374013364e-5,181.01013898786925,2.5870344883127748e-5,73.12992881314348,275.1737239107812,337.94659336575387,98.89336430493434,5036.090415927018,0.5386351184820876,5.957750285932124e-5,150.0,271.51550638167475,279.90523982707936,54.30304169636078,295.7032691950346,1.0635424072951464e-6,1.1999887283000662e-10,6.381254443770875e-7,92.64602518053968,0.0,71.3939160935937,299.99999914385876,36.3417977610688,90.23979735947673,52.06158156121468,55.286285042861685,1.2246732689006327e-5,2.947723527622466e-6,372.9577442702967,1.7876392830501502e-6,325.26504363381156,54.303101571196954,29906.44833194289,1.1472177527788952e-5,3.778371726390456e-6,90.52827342578773,201.6838965217961,247.1622942240309,37.053406276521194,163.34085346011435,225.0
3,3.824048602497741e-6,45.63044750923396,17.235223145544417,104.776103574819,5.2629747125209905,195.22389556903906,1.2865137391859723e-5,56.794917723388025,218.50120466973746,367.76295102796047,50.00045396879492,5042.059233851402,0.5419716909276052,5.957859633050995e-5,137.5,292.83614125190525,265.7909554407428,58.56716867071172,321.7925821494654,1.0635424147074199e-6,1.1999887245477056e-10,6.381254488244526e-7,106.18850691732031,0.0,62.8656621448914,299.9999991438581,30.764279159997518,82.27496308505012,51.02035758715305,54.73339776082843,6.129634915167921e-5,3.2917079993275333e-6,350.6450538990917,1.7876392922185975e-6,351.2412354599978,58.567228545243054,29852.13142746492,1.147214580749321e-5,2.9635901220235317e-6,62.44080311661447,225.37349082205245,251.7354892758907,1.1065200095588173e-5,177.75209299684755,225.0
4,1.6490836138544822e-5,50.44429807776297,51.54584738678998,169.98356948686225,5.262968112223198,130.01643084590393,8.530227641938463e-6,37.76504078803793,168.87476113966878,340.2629036838125,50.000222901231325,5050.065173248947,99.99999190901913,706.2957481883066,125.0,923.5614597735797,254.94684301618054,39.00492925377118,297.73004072333595,1.026586940399732e-6,1.1449952368054635e-10,6.159521642398402e-7,94.42817751136656,0.0,101.99014169211735,300.00000033276615,23.46197576345378,107.99998200810201,50.00000554737313,54.186053368092864,1.0526443264563508,3.731205103258557e-6,449.99998257822335,1.4908580935488137e-6,1264.7594514059663,184.7122922601562,29814.667005173545,4.947250841563441e-5,2.9098531796085173e-6,38.77298344850829,926.179399893078,677.1601030257767,1.0008651432284908e-5,164.46040344717602,210.0
5,1.649094155993443e-5,49.65740251144041,51.45857716427148,168.52663108633794,5.263163174263323,131.47336924642843,6.362875330244056e-6,59.37220010262072,281.63067889290284,367.7630987455142,50.000009782297674,5094.5724279067,99.99999190902135,716.7131988733066,137.5,942.6302901223695,342.39382551563216,39.44201077392853,321.79271140232487,1.026586944691004e-6,1.1449952372864997e-10,6.159521668146026e-7,92.34363667646788,0.0,101.11597865180276,300.0000003327664,30.23419720812434,107.99998200810869,50.00001448355585,53.644187399869786,3.222784461834669,4.31237924861125e-6,479.9999826282299,1.4908580384249734e-6,1235.5296995939198,188.5260583299142,30497.698963292747,4.9472824679803237e-5,2.9098472911802327e-6,60.39360268925493,947.3669891695112,576.325420848817,1.0008641981232148e-5,177.75216439366517,225.0
6,2.1602821617659468e-6,48.42142579639675,12.81419330811412,102.05936710338997,5.26323698287826,197.94062893928296,5.062549969236364e-6,151.04192400742673,197.67383957827195,407.76321748310005,50.000003284205455,5136.960745908535,9.08080526914084e-6,2.978609302791167e-5,162.5,296.91109234105494,425.51937615216934,59.38218868178488,356.7928152977125,1.1032210947938058e-6,1.254981605188306e-10,6.61932656876283e-7,92.19781906823921,0.0,61.235620262033976,299.99999604267293,47.1935843600792,80.00001797167442,52.061656369630526,53.10774292486787,6.428996056691866e-6,5.116851978259721e-6,340.0000173218086,2.230719944613661e-6,342.3590177146408,59.38221875318123,31178.176000552503,6.480846485297837e-6,5.140134676130438e-6,201.7644916324941,229.90121528937902,224.91560485052352,1.2370847095193813e-5,197.08555511683167,240.0
7,2.5812031435303494e-6,51.15958793289548,3.818339926474584e-5,85.26604653631723,14.642873246762662,21.939392111885873,4.716171175738962e-6,213.42900745693774,114.04446256268369,457.1428533758944,50.000065067574944,5135.6168639086245,5.517823505350847e-6,1.9086766415894074e-5,187.5,310.49735633565894,395.3109974988713,6.581817633565762,399.9999967039075,1.1135121848132073e-6,111.26046770332628,6.681073108879252e-7,97.2768814869007,0.0,51.15962792179034,107.20543864820311,54.14284098004921,96.00001080567785,51.02042393911609,52.57666502762861,6.232642507118368e-6,5.408154595143476e-6,360.00001014572706,2.6539436767473267e-6,311.647466786603,62.099471546059426,31057.117335359097,7.743609430591058e-6,5.0812136824697704e-6,432.42815156301305,311.6474620717836,1.0104154454670432e-5,1.1352897917168539e-5,220.95237913168225,255.0
8,6.814701750613998,51.38659101968012,11.921015567811661,105.51268719306529,1.0216640301745678e-5,33.88243040830823,3.576656579154199e-6,260.81245408019385,103.07118008629698,457.14285673937184,58.910776194823114,5119.374049798009,3.3950816999896594e-5,47.01215668693027,212.5,363.75221599528885,352.6251983005898,10.16472912249247,399.99999964695024,1.0738845926571265e-6,216.94187131661025,6.443307555942755e-7,105.95240912007004,0.0,63.30761231583917,139.39511760137353,56.95223049984735,120.00006761296942,50.00001603269817,52.050898550708474,1.0526281225509129,8.231119377020648e-6,380.0000669647667,1.8881076670260206e-6,363.752218801063,72.75044349120755,30797.660463508055,20.444105251841993,2.7868303458138932e-6,682.2353154199589,363.75221744187087,3.1251727962742796e-6,2.868637700242316,220.95238075736302,270.0
9,17.61218989409866,54.256850902902556,0.0002430777948528762,90.42850539489568,5.263091507501356,38.94963979165928,3.1530261475595697e-6,285.8542665501749,88.56651737418765,457.14285555459475,50.00008964931508,5114.209396215866,0.6023793546531588,0.00012155165681528002,225.0,315.5351370598624,300.46273763992974,11.684891937497785,399.9999986102704,1.0611627673956332e-6,311.744903630179,6.366976604373805e-7,106.2675342142023,0.0,54.25710323693741,129.37814518655495,56.13297558239916,146.57908258944303,50.00000949496195,51.53039361986313,1.052632812183861,1.134810337865053e-5,441.9799689527733,1.7876401658834939e-6,315.5351446819923,63.10702770683451,30435.33143094301,52.83656968229597,2.811936135371133e-6,558.012757867426,315.53514401308206,1.6456304876526314e-6,9.30238111933344e-6,220.95238018472074,285.0
10,18.369790433418338,50.96510269315028,8.387111640151879,98.92039048503158,5.2631698688443915,36.67584495380941,2.751361173798776e-6,309.17344926505456,354.37816933970873,457.14285198037624,50.00000782452974,5097.3697466189415,99.99998247360475,8.411792416706286,212.5,311.3767145465935,243.8641427305484,11.00275348614282,399.99999548282915,1.0450856236145262e-6,390.91574471695003,6.270513741687157e-7,93.01530557994127,0.0,59.35223429101894,135.59623543884098,52.88784540886428,227.99996333788366,50.000007516704606,51.01509714538782,1.0526370875519155,2.1663992328335225e-5,599.9999639583892,1.6286369598859404e-6,311.3767234593518,62.275343209281495,30100.52389777421,55.10937130025502,2.8591511856801056e-6,337.93870532608116,311.37672296768653,1.2846428486061986e-6,9.458187584223155e-6,220.9523784571818,300.0
11,14.581913140612809,51.931900941885004,9.40004241638556,102.22011240538252,5.263169726660551,45.44484324666757,2.462581487687331e-6,299.8556594668726,317.4665477649505,457.14284681487993,50.00000846149201,5089.890504636433,99.99998912508026,7.200959355805449,200.0,323.25767130757896,277.0294344178654,13.633452974000269,399.99999096301985,1.0350213853417983e-6,450.48443802426743,6.210128312050778e-7,108.73780916659945,0.0,61.33206744322951,147.66495565205008,50.320624309918756,239.99997666051024,50.000009589912004,50.50496385855699,1.0526364407186737,0.00012551251904465983,599.9999772607224,1.5512867640033743e-6,323.2576918859249,64.65153456441088,29906.172466995267,43.74573942183843,2.886293905791288e-6,249.82371622320863,323.2576915089299,1.0332742933138686e-6,9.547758401420964e-6,220.95237596052527,300.0
12,10.794036677685732,51.488867592392985,40.8053484865932,154.70087768060776,5.263169866981678,104.78853118954974,2.4097796219512966e-6,351.05684735260155,434.0288562493691,457.1428392250088,50.00000880539832,5084.194359759844,99.99999133247263,254.05881717507538,187.5,550.7838508124714,312.0582904696651,31.436559356864922,399.99998432188266,1.0287199037076857e-6,487.46396053015,6.172319422246109e-7,107.20930374334915,0.0,92.82052660836464,259.4894088701575,50.47821709351179,239.99998107521347,50.00001097859239,50.00003086467348,1.0526372288965982,0.5263119104381693,599.9999816753548,1.5057824493410504e-6,550.7839342777439,110.15677046728328,29763.479196617147,32.382110033057195,2.9038246840640114e-6,248.46493555388656,550.7839338536472,1.1988233127011494e-6,9.605609981171761e-6,220.95237229208755,300.0
13,2.460704805533859,52.74187916175297,38.96731514851732,153.72585273846468,5.263169938821822,100.41205326679899,2.4097796200483423e-6,393.8199679167592,443.3885914477271,457.14283445491134,50.00000918732269,5109.856243118384,99.99999191279099,534.9700752727193,175.0,788.6868806659812,336.8469110919022,30.123615980039695,399.99998014804737,1.0265725445296344e-6,500.00000456334266,6.159435267177808e-7,91.22108253733072,0.0,92.2355116430788,254.1379060052637,51.05152997990417,227.99998221583752,50.00001306981475,50.00002433433287,1.0526383601429965,0.5263187160155894,599.9999828359619,1.4907556526615775e-6,817.0199123060116,157.73737643864118,29868.45905245989,7.382114416601577,2.909896466042247e-6,255.12850210333661,817.0199118165509,1.3984591113149284e-6,9.625648739836404e-6,220.95236998654048,285.0
14,2.4607033616992178,53.1978392135292,39.13283466481519,154.76165202164316,5.26316992417988,102.4536425704682,2.4097795013241623e-6,358.5989144886612,410.4560196136843,457.1428392249604,50.00000957820932,5133.50809927293,99.99999133246808,262.93655185940077,175.0,545.9568943022147,353.0829081693066,30.73609277114046,399.9999843218403,1.0287199066930263e-6,487.46396053014996,6.172319440158146e-7,92.80414580609238,0.0,92.85699121298589,257.2152945921114,50.44539449550372,227.99998105522843,50.00001618750539,50.00002433459423,1.0526399471714631,0.5263187157010853,599.9999816753694,1.505782611340955e-6,545.9569777654406,109.19137916523194,30250.35202647061,7.382110085097653,2.9038247281960034e-6,240.95569101583501,545.9569771864168,1.6367662354498107e-6,9.605612110636416e-6,220.95237229206415,285.0
15,1.7031252901479133,45.480526933788,46.15016707068783,153.59501890909308,5.26316982000678,113.08668525010214,2.4097794207407478e-6,311.40200800864443,451.71309224995866,457.14284681475584,50.000009937188636,5157.507315589094,99.99998912510432,299.7096648329652,187.5,583.8005672681293,376.3631153643272,33.926005575030636,399.9999909629113,1.0350213692481452e-6,450.4844380242673,6.21012821548887e-7,97.06455192737302,0.0,92.15701134545586,266.6817041591952,50.39284737859165,215.99997662063228,50.000020756910565,50.00002433455431,1.0526420018498535,0.5263187157380725,599.9999772608437,1.5512864038863478e-6,583.8005878457699,116.76011375652098,30368.715163720506,5.109375870443739,2.886294255558324e-6,238.20514461276395,583.800587145773,1.918563693828029e-6,9.54776283208314e-6,220.9523759604653,270.0
16,5.4910026568936585,52.04622077850387,42.84088165530398,159.02237149881933,5.263170206280365,110.35507846437699,2.4097792817122733e-6,318.74120361946837,494.7223936982774,457.1428519803418,50.00001022219955,5188.539628446205,99.99998247358619,324.9480788406983,200.0,618.5854286279347,409.0827017077959,33.106523539313095,399.99999548279897,1.0450856390054859e-6,390.91574471695,6.270513834032917e-7,105.79150320808064,0.0,95.41342289929159,269.37744996319634,53.585553982632796,215.9999633181185,50.00002720532523,50.00002433455003,1.0526921665282032,0.5263218301773775,569.9999639086236,1.628637125577091e-6,618.5854375405776,123.71708602554978,30525.501741785814,16.473007970680975,2.859150987796692e-6,327.6732423978988,618.585436966631,1.4996305158406784e-6,9.45818946642675e-6,220.9523784571652,270.0
17,13.824334363452293,53.89233233040823,0.00024308640628398865,90.698145270502,5.263168256308194,38.93831615826565,2.4071801855557722e-6,244.08095050806222,290.69221038952315,457.14285555453193,50.00001093995703,5215.304843906719,53.61728795432198,0.00012155811107572795,212.5,316.1651365464961,440.33444252421225,11.681494847479696,399.99999861021536,1.0611624141677103e-6,311.7449036301789,6.366974485006255e-7,106.89413688755025,0.0,54.418887162301196,129.63646142876763,58.01940749125491,202.1476984095269,50.00008120978789,50.000027293263265,1.0525776076500963,0.5263130915044548,538.9257314461645,1.7876359634224727e-6,316.16514416815306,63.23302760416143,30653.845875187773,41.473003090356876,2.811938305809062e-6,597.8996420006828,316.165143782872,9.478556827654288e-7,9.302383731131424e-6,220.95238018469038,285.0
18,21.40009202879675,48.03979065226239,16.040733699630046,107.6780737406681,5.263169653920488,42.94302988273687,2.409779115858689e-6,162.00148497069108,122.74144379588495,457.14285673936064,50.00000989747124,5197.899264745748,3.395074750873399e-5,90.77145289659995,237.5,393.0464880629921,442.4546739929435,12.88290896482106,399.99999964694047,1.073884584003765e-6,216.9418713166102,6.443307504022583e-7,94.20556587744629,0.0,64.60684424440085,150.62110362340496,59.50220951233233,128.00006759416425,50.00002535292467,50.00002192338598,1.0526586556448723,0.5263212284029455,360.0000670159391,1.8881081284806493e-6,393.0464908687377,78.60929790474826,30295.106211545473,64.20027608639026,2.7868305044269925e-6,778.4963055169767,393.0464905665828,6.947407540990958e-7,9.219530567928507e-6,220.95238075735762,285.0
19,20.642515746928634,53.6837059618265,11.07447708012991,108.80750073354506,5.2631688750555465,32.537674473542545,2.4097791097301684e-6,131.0311501709044,218.92561449433768,457.1428578209905,50.00001037417956,5196.089335591679,1.3002343256433743e-5,81.49687727788731,250.0,395.7285014153666,410.0544071541175,9.761302342062763,400.0000005933667,1.090958610297322e-6,111.26046768705092,6.545751661783931e-7,103.04054660921852,0.0,65.28450044012703,141.3451752070876,58.41387392468134,128.00002569506887,50.00004763522301,50.00002433452533,1.0526334584458092,0.526318716991127,360.0000251153379,2.0757836710012505e-6,395.72850307889905,79.1457005709565,29918.77988113189,61.9275472407859,2.747336703625148e-6,610.5549759044143,395.72850282518846,5.437177362119348e-7,9.089200560176642e-6,220.95238128014543,270.0
20,16.85615528322684,45.54600951016275,5.034208547262233,103.58618399696167,5.268179914057097,16.013185313029634,2.4097674377532153e-6,113.16192427367787,290.3419003275743,457.14285851709406,50.00001020048484,5189.639650494404,8.033670593266676e-6,51.588916047180206,237.5,358.7981107011138,383.8481871657364,4.80395559390889,400.00000120245727,1.1086027155458751e-6,1.2624676545655827e-10,6.651616293275252e-7,91.06076922853194,0.0,62.151710398176995,119.5993693099913,56.220130076811266,120.00001577747882,50.0000455761087,50.00002433571205,2.1267218012897975,11.571493641916735,360.00001517758227,2.3050030515955287e-6,358.7981115973909,71.75962242395234,29633.94377286713,50.56846584968052,2.7088852299620957e-6,430.61794564951083,358.7981112983987,5.979844083206979e-7,8.9623144033496e-6,220.95238161659543,270.0
21,8.519934231675407,46.24234320614541,2.1826129294595406e-6,61.414578848215434,5.258651325624149,8.290713247223819e-6,9.393601446008985,104.45542329380174,211.7189316168168,457.14286029441416,50.004770664775435,5177.807820018623,1.9826032312115497e-6,9.069626414964256e-6,225.0,308.92217772309033,361.21580738187345,2.4872139741671456e-6,400.0000027576123,9.80609992762833e-7,1.4508934443248647e-10,5.883659956577005e-7,101.82294629606,0.0,36.848747308929255,61.41458713892868,54.61455954074595,120.00000367521443,51.02042752435369,60.492940515578525,3.2361552503099502e-6,2.385569912754496e-6,360.0000030752208,1.8362200427371163e-5,322.7753358307338,61.78443579902657,29427.161921524603,25.55980269502622,1.4860427705954668e-5,340.9300171654523,322.7753353541059,9.53255866503836e-7,8.066681194409528e-6,220.95238247563347,255.0
22,4.733423865553661,50.76148712655439,3.6902948819502357,91.63018738038949,5.2631662357466436,18.350578576071474,2.4097786113648694e-6,101.35476519284302,253.7553225662445,457.1428585170961,50.00000386639747,5161.423454339012,8.033650416640911e-6,4.752874328435261,212.5,329.94229749248666,340.32470420414126,5.505173572821442,400.0000012024591,1.10860275679795e-6,1.2621539500993497e-10,6.651616540787699e-7,109.74221536777958,0.0,54.97811242823369,109.98076595646096,53.48595674783411,112.0000157974244,50.000006405658624,50.00001185459944,1.052642132607093,0.5263317209049192,360.0000151775281,2.3050044914967055e-6,329.9422983887733,65.98845978222687,29222.603920294958,14.200271596660983,2.7088886354954516e-6,295.1592780593229,329.9422977399898,1.2975669009717711e-6,8.962323460627992e-6,220.95238161659643,255.0
23,1.931027610791104e-6,54.04728063016658,37.935493843077914,154.18181981334388,5.263183668699239,104.38834268942331,2.4097790331183185e-6,99.19979996754881,480.097158347428,432.76316443030146,50.00000196969234,5149.067962196613,8.033682768796737e-6,490.9112439710678,187.5,775.710482665292,320.05375623642436,31.31650280682699,378.6677688765137,1.1086027052066437e-6,1.2621536899043786e-10,6.651616231239864e-7,106.94687844434057,0.0,92.50909188800632,258.5701625027672,51.903288172843084,104.0000158174846,50.000013452060465,50.00002433430406,1.0526348638006358,0.5263187159381519,340.00001522758805,2.3050017224832527e-6,775.7104835615695,155.142096816788,29050.2612277878,5.793082832373309e-6,2.7088890922976603e-6,248.89691185960808,775.7104824165604,2.2900184417774225e-6,1.2866006676212258e-5,209.16886280797902,240.0
24,1.9310274133066124e-6,47.372070069102094,43.19764331683394,151.8267180008564,5.2632010153006314,117.34680827645148,2.409779008454386e-6,96.82784881691276,500.00000462042016,420.26318177690433,50.00001271482247,5171.432469587838,8.033681783529924e-6,531.8957379988955,175.0,807.5205413915146,300.2138013138002,35.20404248293544,367.73028405479124,1.1086026951615105e-6,1.2621536841812242e-10,6.651616170969065e-7,107.701637479386,0.0,91.09603080051384,269.1735262773079,49.73402895554728,96.0000158374792,50.00001345216766,50.00002433449275,1.0526280191654735,0.5263187157541281,340.0000152275828,2.3050017782058437e-6,807.5205422877932,161.50410856203254,29391.834324643103,5.793082239919834e-6,2.708889123658364e-6,203.43812222754,807.5205375208498,9.533886837426769e-6,1.2866005846414873e-5,203.12720452550374,240.0
25,2.504606979374794e-6,46.72705547437243,50.515930322021546,162.94883864758842,5.263184459647085,137.05115404610223,2.409778971630418e-6,92.88452156329251,451.2392049025453,407.76316421350026,50.00003886471177,5199.709904218007,1.5693734913361504e-5,353.9055319264524,162.5,641.7930076196577,280.8482366213023,41.11534621383067,356.7927686868127,1.0861610623520585e-6,1.2318268770963276e-10,6.516966374112358e-7,103.22762943241305,0.0,97.76930318855304,299.9999926936906,46.77888221428919,96.00003115790335,50.000006949869274,50.00002433450476,1.0526346745709616,0.5263187157769758,340.0000305483008,2.020015046829228e-6,641.7930095480959,128.358601812988,29801.667189305474,7.513820938124372e-6,2.758197343780531e-6,160.3365962224183,613.1033445148933,57.379330066405416,1.1980943788168565e-5,197.08552936985845,240.0
26,3.824050116796844e-6,49.13415229908741,12.115292419186547,102.95960347966215,5.263136495979414,197.04039566419388,2.4097789013765873e-6,69.82656748861636,314.8849067918221,380.2631128114233,50.00004760338554,5236.192169875742,0.5143814082363691,5.9577644456363494e-5,150.0,295.5608913863212,262.2713449732308,59.11211869925816,332.7302237099953,1.0635425807551205e-6,1.1999887235123675e-10,6.381255484530718e-7,103.71921223416341,0.0,61.77576208779729,299.99999914385603,38.46117584848402,90.27953162843325,50.000006848348676,50.000024334538395,1.0526423468330504,0.5263187157596426,389.00104270097,1.7876412853149592e-6,324.5733129138367,59.112178572126254,30059.37076349848,1.1472150350390532e-5,2.811935887197493e-6,91.71225666289962,228.40099097140424,192.34464388486475,1.1065190791598655e-5,183.79383785885454,225.0
27,3.824054924534568e-6,51.94084341403129,9.373704130339926,103.06810818976322,5.263394469865369,196.9318909540943,2.4097788137727265e-6,55.21148353311277,339.9944339766576,367.7633707853088,50.00001086665818,5236.769109540384,0.517252420967126,5.957806345648412e-5,137.5,295.39813432618934,248.79469182706396,59.0795672862283,321.7929494371451,1.0635424884941862e-6,1.1999887169251618e-10,6.381254930965125e-7,109.54736162207838,0.0,61.84086491385793,299.9999991438575,32.17379434969599,82.29784302145507,50.00001398094059,50.0000243345553,1.052625512796365,0.5263187157230327,386.56625621743063,1.7876409890532055e-6,312.08325911799767,59.07962716009988,30004.343469078383,1.1472164773603698e-5,2.8119360817009605e-6,62.61472211719124,228.22014979347944,167.72621864903638,1.1065175306126905e-5,177.75229587956588,225.0
28,1.649083294130119e-5,50.405882125031255,46.08649111773314,161.6978176253768,5.262968133464051,138.30218270738916,2.4097787428830653e-6,37.21978020090362,228.41579288905547,340.2629037050637,50.000222878811506,5236.490675365815,99.99999190898379,667.5452880441403,125.0,888.6647606896299,238.2437829340924,41.490654812216754,297.7300407419307,1.0265870158163437e-6,1.1449952351686356e-10,6.159522094898064e-7,96.89025311042973,0.0,97.01869057522609,300.000000332766,24.180026769997262,107.99998200810509,50.0000049785456,50.00002433453735,1.0526449132438203,0.5263187156534188,449.9999825782264,1.4908592267889609e-6,1192.7251558136802,177.73295244336626,29966.77469538613,4.947249882390357e-5,2.909853190501805e-6,38.60019302909912,887.4052897998007,610.6397320277589,1.0008651668770354e-5,164.46040345744743,210.0
29,1.6490940472633472e-5,53.76613132304841,43.76059024711891,163.4217315044358,5.263163174262626,136.57826882833044,2.409778753804071e-6,58.67403885082918,310.3588328693284,367.76309874551697,50.0000097822984,5275.323158452549,99.99999190898896,667.5788482857585,137.5,909.3745996995244,325.79981755093604,40.97348064849913,321.7927114023273,1.026587010874252e-6,1.1449952358387974e-10,6.159522065245507e-7,106.05869000209105,0.0,98.05303890266147,300.00000033276626,31.413071253117618,107.99998200811235,50.00001448355296,50.00002433445352,3.222764321704798,0.526318715685884,479.99998262823357,1.490859078832444e-6,1180.8892763568483,181.8749202453452,30611.159867612812,4.9472821417900444e-5,2.9098473926761792e-6,59.91288989605322,910.4162220330169,540.9461086476628,1.0008642139003527e-5,177.75216439366653,225.0
30,2.160282061671081e-6,53.11021643736269,5.636425175312748,98.7882650362256,5.263215560679661,201.21173100644552,2.4097788163315486e-6,156.5244713704427,216.3882750295274,407.76319606090027,50.00000328420528,5309.659827323733,9.080772851745831e-6,2.9786019290289922e-5,162.5,301.81774544125767,409.0650004377996,60.36351930193366,356.79279655328764,1.103221139332338e-6,1.2549816037103929e-10,6.619326835994016e-7,98.63099682052858,0.0,59.27295902173535,299.9999960426711,49.91527243064606,80.00001797167438,52.0616372365042,50.00002433440136,6.4289943164947e-6,0.5263187156175911,340.0000173218086,2.2307222478000637e-6,338.9443114492295,60.36354937322177,31242.790981960938,6.480846185013246e-6,5.140135892593817e-6,193.56025619891125,235.35305206738263,207.18251876369368,1.2370848642252004e-5,197.08554476276842,240.0
31,2.8805878415035385e-6,47.69968189742261,21.45391331886543,116.1331876887681,14.642861372666866,58.48018899293481,2.4097789939829162e-6,243.60977223924112,217.1270672456852,457.14284041183055,50.00004471648449,5300.321670769852,1.3002279281164813e-5,184.46947017918578,187.5,488.8704326817324,377.760112311865,17.544056697880446,399.9999853603517,1.090958720397551e-6,111.26046768705118,6.5457523223853e-7,100.99263785335091,0.0,69.67991261326087,174.6133766817029,57.79333140427148,96.00002577485456,51.020405188649356,50.000024334284774,1.78039773587813e-5,0.5263187157931111,360.00002511512423,2.075785062226703e-6,488.870434345286,97.77408682422961,31126.65485802761,8.641763524510612e-6,3.3181233370938588e-6,398.5968963564873,488.87042420037426,2.1741184116944924e-5,1.1454896480870538e-5,220.95237286571805,255.0
32,6.814725147306164,54.377849344445195,44.48630883499703,165.6507925815778,1.0308442764396433e-5,134.3491881020977,2.409779123258748e-6,338.3426594803799,361.99183303223913,457.14285570185825,58.91074649108379,5304.437584667436,0.5234739515208131,511.2157741518972,212.5,782.8513625692096,329.03816790975424,40.30475643062931,399.99999873912594,1.0635427643423171e-6,216.94187131156104,6.381256586053901e-7,90.98796736660131,0.0,99.39047554894668,299.9999806836755,61.00236766534518,122.22900537845436,50.00001050589345,50.00002433433592,1.0526357613223143,0.5263187157408029,391.74361727176534,1.7876414770430081e-6,782.8513665102678,156.57027280870392,31071.966190392905,20.444175441918496,2.811935998334067e-6,600.654972854275,782.8513653437675,2.6821190899444547e-6,2.868561620474158,220.95238025589816,270.0
33,17.61217484008583,48.06023249763789,22.86988744664618,119.09406218101425,5.263041297242221,61.81797527380798,2.4097792530418987e-6,409.6972862498456,492.0754119252093,457.14285497937743,50.00014308712851,5330.62318320283,99.99993496731537,137.38246896155454,225.0,441.21901752365505,261.86693428135476,18.545392582142394,399.9999981069552,1.0582993010590488e-6,311.74490362753323,6.349795806354296e-7,101.42956533996963,0.0,71.45643730860854,180.91203745482224,58.89513389324401,215.99986831277417,50.00001130909915,50.000024334336715,1.0526321918058756,0.526318715804419,599.999868957534,1.7399949599345792e-6,441.21902230312674,88.24380380100723,31222.788980832232,52.83652452025749,2.8250266316319897e-6,431.4075798569104,441.21902162608086,1.6656457489036377e-6,9.345581585354528e-6,220.95237990669906,285.0
34,18.369790333296336,46.48704417860297,24.887588596265815,119.8349168764987,5.263169538396157,67.6274602998319,2.4097793239738844e-6,366.08953381174905,430.06488996103434,457.1428519803291,50.00000817334146,5335.824530481503,99.99998247366332,123.7710846437623,212.5,430.4796155212523,274.92741331700745,20.28823808994957,399.99999548278794,1.0450855632561104e-6,390.9157447169499,6.270513379536662e-7,106.04439893117991,0.0,71.90095012589921,187.4623771763306,54.97748216381459,227.9999633382477,50.000008691420504,50.00002433439781,1.0526358757494023,0.5263187157241983,599.9999639587542,1.6286366038408283e-6,430.47962443381715,86.09592340421331,31101.32690187964,55.10937099988901,2.859151684719775e-6,278.93298402443645,430.4796239421517,1.2846431790400786e-6,9.458189203168544e-6,220.95237845715909,300.0
35,14.581913140643907,47.38216181434694,22.02296160857175,116.55240127315619,5.263169726670253,61.69508849895741,2.409779411185542e-6,329.69228752154345,361.4388983501416,457.1428468147855,50.000008461495035,5344.218874428624,99.99998912510577,92.17241804734452,200.0,390.20675363096984,296.7094880950416,18.50852654968722,399.99999096293726,1.0350213514844227e-6,450.4844380242673,6.210128108906536e-7,95.59050637335812,0.0,69.93144076389372,178.2474897721136,52.28863508924774,239.99997666064277,50.000009589920666,50.000024334382005,1.052636440764099,0.5263187157330907,599.999977260855,1.5512864207566725e-6,390.20677420849006,78.04135102908911,31057.73819610874,43.745739421931724,2.8862943384510453e-6,218.0190773892089,390.20677383149507,1.0332744724938292e-6,9.547759829335459e-6,220.95237596047963,300.0
36,10.794036677707295,52.79996093783925,17.043735148410217,117.28335570143815,5.263169866974741,52.34982584655252,2.409779506457995e-6,377.43348405037284,306.02749446547256,457.14283922493036,50.00000880540877,5350.555245510422,99.99999133246341,58.90915189146617,187.5,360.0581785033798,325.7710185359318,15.704947753965756,399.99998432181405,1.0287199005941773e-6,487.46396053014996,6.17231940356506e-7,95.90168511141056,0.0,70.37001342086289,169.63318154799066,52.608665505250094,239.999981075236,50.00001097864359,50.00002433437471,1.0526372288601418,0.5263187156730178,599.9999816753773,1.5057827885288432e-6,360.0582619650574,72.01163600546495,31019.09916772256,32.38211003312188,2.903824785066585e-6,219.95785044437702,360.05826154096064,1.198823430509348e-6,9.605610315434842e-6,220.95237229204966,300.0
37,2.4607048055361402,50.56263540473517,38.18386742033446,148.7880335965146,5.263169938818207,114.91487808627203,2.4097796661042036e-6,418.5009591616165,462.988289153119,457.1428344549001,50.00000918732514,5351.8163810072565,99.99999191278066,579.5963610462136,175.0,838.860340805418,345.2843118186055,34.4744634258816,399.99998014803754,1.0265725736264478e-6,500.00000456334266,6.159435441758676e-7,104.46209859541369,0.0,89.27282015790875,263.70291168278663,53.350416983655826,227.99998221584278,50.000013069830175,50.000024334310325,1.0526383601125107,0.5263187160462091,599.9999828359671,1.4907559934520142e-6,870.5363666917415,167.77206846652854,30946.0336093474,7.382114416608421,2.909896495272124e-6,228.1486238547278,870.5363662022809,1.398459053697672e-6,9.625648836646483e-6,220.95236998653502,285.0
38,2.4607033617150997,49.135928851995935,42.0614416182794,152.87281300826157,5.263169924192763,127.21539696209743,2.4097795412451504e-6,378.4078913063175,443.0387843629638,457.1428392249205,50.00000957820799,5373.995123332494,99.99999133246683,310.668391984716,175.0,594.5061411558337,356.58411064702824,38.16461908862922,399.9999843218054,1.0287199146262674e-6,487.46396053014996,6.172319487757603e-7,101.05007885085766,0.0,91.72368780495695,280.088209970359,52.80122183136309,227.99998105524355,50.00001618749152,50.00002433460094,1.0526399473999877,0.5263187157412347,599.9999816753846,1.5057826765709776e-6,594.506224618013,118.90122853595575,31388.74079608078,7.382110085145299,2.9038248024259864e-6,218.7908868623195,594.5062240389892,1.6367661671731784e-6,9.605612356149037e-6,220.95237229204486,285.0
39,1.7031255926827877,52.31370168359014,19.13815967241602,119.96364151733744,5.263170818421561,56.57891233716349,2.409779291410387e-6,329.85506568022555,322.1088040177472,457.1428468148063,50.000009937199415,5400.216198401365,99.9999891250661,85.904189598815,187.5,386.4744277413,375.9025224785164,16.973673701149046,399.9999909629555,1.035021460950358e-6,450.4844380242674,6.210128765702143e-7,96.59155576122328,0.0,71.97818491040246,176.5425538545009,52.77018787880863,215.9999766205642,50.00002075711399,50.00002433459906,1.0527316773819888,0.5263249291541353,599.9999772607756,1.551287107082943e-6,386.4744483193758,77.29488585115512,31568.134655948103,5.109376778048363,2.8862930869461675e-6,217.37474644096588,386.47444761937896,1.9185634119724964e-6,9.547762036493676e-6,220.95237596048975,270.0
40,5.491001504094799,51.287438840561265,0.00013474986708622723,86.35647115081133,5.26316816426439,12.366475498648812,2.405094711958079e-6,353.7831439066263,262.1258036150439,457.1428538194212,50.00001117070413,5403.523301710137,99.99996473353181,6.737658975509097e-5,200.0,308.87619034818294,404.93149728763166,3.7099426495946437,399.99999709199346,1.0498238811338221e-6,390.91574472169316,6.298943286802922e-7,100.76408512722821,0.0,51.81388269048679,98.72294664946014,56.27861990301263,215.99992784004192,50.00011239728135,50.00003023733972,1.0525445436898777,0.5263104553292769,569.9999284316475,1.7027394486364214e-6,318.00658976377207,61.77523836708326,31523.613997682336,16.473004512284398,2.8358617554167026e-6,289.938236190361,318.0065892002769,1.472323014118356e-6,9.381330361790032e-6,220.95237934605356,270.0
41,13.824334652069961,48.63826187287986,0.00024308196549458361,81.94136977739105,5.263169208748022,43.88211550889527,2.407180067124337e-6,326.4817913057731,324.4052759674213,457.1428555545336,50.0000099346003,5386.639850489101,92.91875003798168,0.00012155783628576503,212.5,306.86582468480765,429.1748331112289,13.16463465266858,399.99999861021684,1.0611624266911348e-6,311.7449036301789,6.366974560146802e-7,99.07796483134074,0.0,49.16482186643463,125.82348528628631,61.68821215924637,202.21273697642874,50.00002448072347,50.000022335850495,1.0526361280448793,0.5263182576069142,538.9450760793084,1.787635773896059e-6,306.86583230648074,61.37316523182373,31349.65112334471,41.47300395620989,2.811937700701572e-6,511.8299965349805,306.86583192119963,9.478556569101055e-7,9.302383566120787e-6,220.9523801846912,285.0
42,21.40009202879716,45.71701723412893,39.234119626689875,142.4624279222708,5.263169653920836,112.95909308428631,2.4097791525656003e-6,173.68244625537517,282.2372961566142,457.1428567393594,50.00000989746819,5368.133629923293,3.3950782819566695e-5,380.24968399034583,237.5,666.5236629526942,452.1512853998949,33.887727925285894,399.9999996469394,1.073884601357356e-6,216.9418713166102,6.443307608144134e-7,99.20932863386795,0.0,85.47745675336246,255.4215210065571,64.43470548225766,128.00006759411093,50.00002535281721,50.000021923344804,1.052658655556104,0.5263212284382114,360.00006701568066,1.8881075911944371e-6,666.5236657584397,133.30473288268865,31042.55324698156,64.20027608639148,2.786830546207936e-6,761.8828482623672,666.5236654562848,6.947407308346583e-7,9.219530706293196e-6,220.952380757357,285.0
43,20.642515746923934,51.512282092134896,42.958415267468176,158.32835792770186,5.26316887503832,133.78129795025927,2.4097791548490995e-6,135.02872156780327,454.1100980182763,457.1428578209884,50.000010374176995,5388.037337905306,1.300237276923049e-5,529.757215252329,250.0,817.8285156863071,417.4148263041662,40.13438938507778,400.0000005933648,1.0909586060950322e-6,111.26046768705089,6.545751636570192e-7,107.25330994873468,0.0,94.99701475662111,292.10965587796113,63.22752568862567,128.00002569510193,50.000047635033326,50.000024334518024,1.0526334572336562,0.5263187158385951,360.0000251153662,2.075782671947878e-6,817.8285173498408,163.56570342514465,30965.673222014484,61.9275472407718,2.7473368075011692e-6,601.743752743571,817.8285170961302,5.437176806754513e-7,9.089200913731514e-6,220.95238128014438,270.0
44,16.854636317890968,52.15932304664764,5.5828111196624,97.11408596782374,5.26316732845515,18.86672390372256,2.409779016117239e-6,114.59434608015953,283.4765661862236,457.1428585170906,50.00001020046579,5412.027495466186,8.033691620781786e-6,25.95188919379151,237.5,347.9424323857259,390.40909203643446,5.660017171116767,400.0000012024542,1.108602623239367e-6,1.2624676859213641e-10,6.651615739436195e-7,106.69817934373657,0.0,58.26845158069423,115.9808098715463,60.76311025437436,120.00001577750899,50.00004557477115,50.00002433460987,1.0526017267154846,0.526318715560588,360.0000151776125,2.3050011071829547e-6,347.9424332819973,69.58848676087477,31134.38418562067,50.5639089536729,2.708889528322886e-6,424.642543665466,347.94243298300506,5.979844496052947e-7,8.962324346528829e-6,220.95238161659378,270.0
45,8.521303412893293,51.04751244173118,14.358172873116484,109.88667121579753,5.263168741963635,42.19463403351387,2.4097790462010913e-6,104.525204947918,332.9040586006992,457.1428585170915,50.00000870842598,5399.381373509537,8.033687936312106e-6,148.88665488776715,225.0,456.2439175198625,367.49022789129725,12.658390210054161,400.00000120245505,1.10860269712599e-6,1.262153737369623e-10,6.651616182755935e-7,99.06327171181685,0.0,65.93200272947853,152.0813052493114,58.74782114197855,120.00001577749264,50.000013452192775,50.00002433443684,1.0526348636769538,0.5263187158072111,360.0000151775959,2.3050013095374216e-6,456.2439184161379,91.2487837877021,30905.55054861518,25.563910238679878,2.7088891349631097e-6,336.7269739101034,456.24391800612403,8.200277177717803e-7,8.962324302342996e-6,220.95238161659418,255.0
46,4.733422475499838,50.18657679529437,14.297337942767204,108.35038692109482,5.263161648566095,42.08860655846384,2.4097790146850892e-6,100.53445079066019,318.48847794437273,457.14285851709184,50.00000870842325,5396.11520004006,8.03368631199604e-6,135.03450118897058,212.5,451.3169800616947,346.5851919726046,12.626581967539153,400.00000120245534,1.1086026998104424e-6,1.2621537361383831e-10,6.651616198862648e-7,107.95667947116263,0.0,65.01023215265688,150.43899347955866,57.38493176158139,112.00001579748073,50.00001345217978,50.0000243344998,1.0526348636951735,0.5263187157716419,360.0000151775842,2.305001385513336e-6,451.316980957972,90.26339629606852,30852.40101915689,14.200267426499513,2.708889063297085e-6,292.0806174477584,451.31698030918847,1.2975671510559008e-6,8.9623248068293e-6,220.9523816165944,255.0
47,1.9310267150827003e-6,47.79594817886442,8.458354211335925,94.63436634120625,5.263183668707795,26.340992069981503,2.4097789547166304e-6,97.61634906213214,259.94547180081105,432.76316443031095,50.000001969692605,5393.1970584543515,8.033683015099864e-6,57.56767354460049,187.5,362.92607039056674,326.47830688536186,7.902297620994451,378.667768876522,1.1086026833847795e-6,1.262153756396569e-10,6.65161610030867e-7,104.09183141024698,0.0,56.78061980472374,120.97535841118776,55.54450144343882,104.00001581746622,50.000013452184426,50.00002433452837,1.0526348637533431,0.5263187156996655,340.0000152275701,2.305001626965048e-6,362.92607128684597,72.58521436184293,30812.187149877205,5.7930801452481145e-6,2.7088889707806366e-6,246.83914949442902,362.9260701418366,2.290018661521154e-6,1.2866008653686486e-5,209.16886280798357,240.0
48,1.931026880706105e-6,50.95915691150604,9.588827438203149,101.79050294058985,5.263168845512007,29.648760231035958,2.4097789334946875e-6,94.62217373813453,280.69928603118774,420.2631496071139,50.00001271482875,5384.992062232656,8.033688512115318e-6,94.99345160049008,175.0,394.31775207443576,306.95504214382134,8.894628069310787,367.73025590622467,1.1086026483069734e-6,1.2621537453462527e-10,6.651615889841845e-7,105.09173569581627,0.0,61.074301764353905,131.4392631716258,53.068352311970166,96.0000158374705,50.00001345224434,50.000024334488344,2.1267022504772206,0.5263187158210031,340.0000152275746,2.3050011190997935e-6,394.3177529707141,78.86355069861673,30721.651333725145,5.7930806421183055e-6,2.7088852901930196e-6,202.3094739498953,394.3177482037673,9.533893583869407e-6,1.2866009353490308e-5,203.12718897677172,240.0
49,1.5807326395499034e-6,47.08744529285683,6.251779854323043,89.77590433161613,54.642828908893556,210.22406313215336,2.409778837732202e-6,90.25996685309592,200.16258228889438,457.1428100673153,50.00000830341454,5378.660383977268,4.535422499053799e-6,1.9854364740293906e-5,162.5,315.3361939711026,288.0306124670862,63.06721893964601,399.99995880890083,1.14593569861025e-6,1.3099738290099261e-10,6.875614191661505e-7,92.48840084747705,0.0,53.86554259896968,299.9999674637695,49.750634441196446,96.00000884087325,51.0203774696946,50.00002433456401,3.815442460210883e-5,0.5263187156329521,340.00000823090653,2.9636700402616017e-6,349.8259200975967,63.067239069920724,30695.259100955696,4.742197918649707e-6,2.8544948763111575e-6,159.98939870570763,250.37355996139814,198.9047202723971,1.3625160555303176e-5,220.95235819920237,240.0
50,3.824057851545856e-6,50.26600831933526,16.399878284167702,111.9870066217528,1.2261669752703015e-5,188.0129925221045,2.4097788428275557e-6,67.90261911897615,95.89376105819584,339.64178794651997,96.9106805942477,5369.986973499233,0.53063218003703,5.957732655356121e-5,150.0,282.01978667727434,269.97862011215165,56.403897756631345,297.18656445320494,1.0635425201147477e-6,1.199988733360243e-10,6.381255120688486e-7,105.59895974428306,0.0,67.19220397305168,299.9999991438573,40.44711587787851,90.21840486716073,50.00000316227264,50.00002433446036,1.052646149324722,0.5263187157850336,363.06338100501284,1.7876403344153151e-6,422.44966609773536,56.40395763031688,30599.265481586637,1.1472173554637555e-5,2.8119358680542603e-6,91.65026500314535,213.3553190724629,418.1886940505449,35.358211695758904,164.16019750748464,225.0
51,3.824048171698309e-6,45.057351343712334,16.70687262289078,103.81756889364219,5.262974705063602,196.18243025021485,2.409778806881978e-6,53.726486659567655,188.02949231859765,367.76295102050426,50.000453977347185,5374.2527170200365,0.5342332810169067,5.9578480000559934e-5,137.5,294.2739432694044,256.9021948731246,58.85472907506445,321.79258214294117,1.0635424968655534e-6,1.1999887271233837e-10,6.381254981193315e-7,108.07362512261483,0.0,62.29054133618531,299.99999914385705,33.571552762740325,82.2632803837051,50.00001398095318,50.000024334502235,1.0526255127822606,0.5263187158185115,347.88420610035047,1.7876401470639837e-6,367.3545773668452,58.854788948742886,30544.275382162075,1.1472144515094947e-5,2.811936046136405e-6,62.70196057769201,226.9710486192741,280.76705749514224,1.1065200371479937e-5,177.7520929932437,225.0
52,1.649083399669294e-5,45.50999305226085,44.17906457809336,150.3589582713072,5.262968111644026,149.64104206145882,2.4097786983615905e-6,36.355736973066016,263.5704734852216,340.2629036832403,50.00022290184355,5380.888123814105,99.9999919090049,647.1637686428946,125.0,878.7003804797216,246.6644171719103,44.89231261843764,297.73004072283527,1.0265869809108715e-6,1.1449952362870255e-10,6.159521885465229e-7,109.60189676187926,0.0,90.21537496278431,300.00000033276604,24.97737849860282,107.9999820081035,50.00000497854458,50.000024334575535,1.0526449132467348,0.5263187156218284,449.99998257822483,1.4908585501316782e-6,1163.0798439376003,175.7400764013846,30506.65426539394,4.9472501990078794e-5,2.909853181790857e-6,38.66688452833117,876.3337562332358,573.4921754087293,1.0008651532538508e-5,164.46040344689948,210.0
53,1.6490942903913395e-5,51.40296409937169,40.93597154119321,154.77542162169166,5.2631631742628295,145.22457871107466,2.409778701141224e-6,56.61451943175134,152.1377200428202,367.76309874550924,50.00000978229835,5417.573974842618,99.99999190901072,625.5691820345698,137.5,864.3894407967243,334.3932604343422,43.567373613322395,321.79271140232055,1.0265869707059473e-6,1.1449952373928714e-10,6.159521824235674e-7,100.67873932610638,0.0,92.86525297301499,300.0000003327663,32.8856098015715,107.99998200810991,50.000014483554736,50.00002433446136,3.2227703793697637,0.526318715641832,479.9999826282311,1.4908583797823157e-6,1205.517810016668,172.87788846478517,31130.617903319835,4.947282871174024e-5,2.909847354471192e-6,60.49987076667717,860.4327121410166,690.1701957513027,1.0008642012458851e-5,177.75216439366275,225.0
54,2.1602822415321338e-6,45.521129563873885,11.781114612472432,96.38093597584138,5.263236982927987,203.61906006683094,2.4097787965636665e-6,140.12834602128927,249.46956938685224,407.7632174831496,50.000003284205555,5448.644263443339,9.080798570217102e-6,2.9786107850686785e-5,162.5,305.4287390321112,418.0703472050428,61.08571802004928,356.79281529775585,1.1032211146241515e-6,1.2549815983100825e-10,6.619326687744904e-7,103.36540028541643,0.0,57.82856158550482,299.9999960426723,54.113136053899574,80.00001797167671,52.0616429912877,50.00002433436733,6.428995765441362e-6,0.526318715716179,340.00001732181096,2.2307204327046875e-6,326.77696935838435,61.08574809139248,31719.8871628944,6.4808467245963946e-6,5.140134911702064e-6,205.75851792481112,239.3652671683306,174.82340438010755,1.2370847014956293e-5,197.0855551168556,240.0
55,2.983835880971212e-6,53.388485717098334,20.104712429735468,123.36585923962194,14.642864460466901,61.44431757424452,2.4097789150470722e-6,194.64373066293717,233.03352479929936,457.1428432609101,50.000065067622366,5444.191437239642,1.3002277767311778e-5,210.56636375135386,187.5,517.418731738719,390.04468414896536,18.433295272273355,399.99998785329626,1.0909587630511183e-6,111.26046768705123,6.545752578306708e-7,104.3332805355508,0.0,74.01951554377317,184.81017681386646,63.222227002620365,96.0000257747438,51.02041082833959,50.000024334344765,1.7803883047593373e-5,0.526318715759521,360.0000251150133,2.0757848555045075e-6,517.4187334022834,103.48374663562689,31596.43208192562,8.951507642913643e-6,3.318126602999532e-6,442.1340423344425,517.4187232574045,2.174111347180176e-5,1.1352898345835474e-5,220.95237424277317,255.0
56,6.814703913297106,45.53610945852282,38.262296493100955,140.54121074458058,1.0216640701738515e-5,120.20065222509896,2.4097789538579084e-6,233.84175095846,287.7489065078504,457.1428567393711,58.91076784788437,5445.329481568591,3.395070393420193e-5,395.4978160831864,212.5,680.407110451095,351.11594806211417,36.06019566752969,399.9999996469497,1.0738846235968379e-6,216.94187131661022,6.443307741581029e-7,100.01711072465986,0.0,84.32472644674836,260.7418629696796,66.97338115435093,120.00006761284084,50.000016032696855,50.00002433436348,1.0526281225637566,0.526321831018904,380.0000669643971,1.8881076411858135e-6,680.4071132568711,136.0814223823688,31541.718020276312,20.444111739891316,2.7868303764585593e-6,699.1848678871891,680.4071118976792,3.1251720441923976e-6,2.8686305633891296,220.95238075736268,270.0
57,17.612190287287895,51.368862414922255,0.00024308544969732547,87.37826902897751,5.263092805029039,37.433717882445414,2.407174354895226e-6,252.57549747511237,126.68165989237237,457.14285555459804,50.000089649547625,5463.499763715387,0.5908424615441298,0.0001215509782931919,225.0,304.39892004136306,304.34762802569355,11.230115364733624,399.9999986102732,1.061162854829913e-6,311.744903630179,6.366977128979476e-7,94.67654062367126,0.0,52.4269614173865,124.81198691142293,65.92798098048618,146.48631062762738,50.00000949497282,50.00002729387838,1.0526396162845653,1.0578572630260505,486.99281480742735,1.7876403460088346e-6,304.3989276635484,60.87978430313462,31517.704915627186,52.83657086186369,2.8119360088655426e-6,581.4965215444014,304.3989269946383,1.6456302764931113e-6,9.302380878714527e-6,220.9523801847224,285.0
58,18.369788675833902,45.66474543439586,1.801193155164126e-5,76.10806794818632,5.263167267293614,7.309979524010876e-5,2.4579803119008257e-6,270.4328220751059,259.2629089368309,457.1428553346591,50.00000905739058,5443.721612506691,68.8399274605919,5.0487541231026894e-5,212.5,305.4542261680515,254.3938268828709,2.1929938572032607e-5,399.99999841782665,1.0323021845115102e-6,390.9157447265353,6.193813107069071e-7,99.02216997715689,0.0,45.66484076891179,76.10814104798156,62.068272088844765,225.89215490418243,50.00001398061106,50.504988886946606,1.052626497033662,7.874826250189881e-5,598.8251744969815,1.7876358224309248e-6,319.9745791149041,61.09084552847247,31168.80712425152,55.1093660275017,2.8119374852014046e-6,367.49890583604946,319.9745786131781,1.3109298534604372e-6,9.302382510948073e-6,220.95238007841854,300.0
59,14.581913484519593,48.342394069342,39.0416649474426,146.51731670439327,5.263170861515777,128.09867682518478,2.4097790427455357e-6,275.5121501131304,500.0000045877919,457.14284681484213,50.00000726359886,5425.101148891969,99.99998912512727,314.8950381341244,200.0,601.1697453495744,265.70519156915003,38.42960304755543,399.9999909629868,1.0350213818324714e-6,450.4844380242674,6.210128290994835e-7,103.75195450356185,0.0,87.91039002263595,274.6159935295781,58.543980372968264,239.99997666056683,50.000005913246625,50.000011221578816,1.052640233532349,0.5263323806090145,599.9999772607791,1.5512858389396513e-6,601.1697659276326,120.23394937281002,30948.307831237435,43.745740453558774,2.886294064721784e-6,265.9438695139014,601.1697655506377,1.0332742891918878e-6,9.547759009631373e-6,220.95237596050697,300.0
60,10.794036677674399,45.8022342826753,26.655217204488107,121.63961470304022,5.263169866970854,80.54337415836771,2.40977945431258e-6,327.00880531591287,352.39511735333485,457.1428392250357,50.000008805406324,5446.579619727521,99.99999133248036,127.05464912083902,187.5,429.147256376639,305.6027494917439,24.163012247510316,399.9999843219062,1.0287199185692752e-6,487.46396053015,6.172319511415648e-7,105.30333025439047,0.0,72.98376882182413,202.18298886140792,58.71369342216559,239.99998107519897,50.00001097863314,50.000024334332075,1.0526372288345156,0.52631871572027,599.9999816753402,1.5057822035543322e-6,429.1473398439164,85.82945158011678,31103.63654766322,32.382110033023196,2.903824609494412e-6,264.27750126192143,429.14733941981973,1.1988233005759185e-6,9.605609734657011e-6,220.95237229210056,300.0
61,2.4607047454514293,48.0037345887554,38.01305165545299,144.2385059617351,5.263169740535613,133.53460022643822,2.40977961075387e-6,368.2568995155663,500.00000458335506,457.1428344548971,50.00000918731986,5455.62072890536,99.99999191280745,716.8335595872729,175.0,953.5679546700624,335.20097852132636,40.06038006793147,399.9999801480349,1.026572532048975e-6,500.00000456334266,6.159435192293853e-7,96.9806756058649,0.0,86.54310357704105,277.7731061881733,59.42927241015036,227.99998221583962,50.000013069795784,50.00002433431306,1.0526365720938158,0.5263187160397532,599.9999828359639,1.4907551248382073e-6,994.7062256012007,190.7135912394574,31072.124696026905,7.382114236354287,2.909896498664359e-6,272.3138280742833,994.70622511174,1.3984590707073219e-6,9.625648790918156e-6,220.9523699865336,285.0
62,2.4607049308878484,46.302409873411065,41.92129856388981,147.9167096173033,5.2631703709565985,152.08318675632415,2.4097794883388017e-6,334.0218361761794,500.000004583359,457.14283447344616,50.00000938983482,5475.804998837768,99.99999191095843,521.7356078202644,175.0,779.7537388197835,356.54958927898554,45.624956026897244,399.9999801642653,1.026579710833897e-6,487.4639605288984,6.159478265003389e-7,98.57788340455933,0.0,88.75002577038197,299.99989637362745,58.69591513893108,227.99998221214133,50.00001448884005,50.000024334597576,1.0526455719249288,0.5263187162808702,599.9999828322669,1.490805604680761e-6,795.6409057622919,155.95074806939942,31625.569958769607,7.382114792663545,2.9098757260289195e-6,257.2822486848895,795.6409051934253,1.6080543199537666e-6,9.625580531702466e-6,220.9523699954989,285.0
63,1.7031259045053553,48.998086407613975,24.312665343070925,123.94771840184418,5.2631718473604785,75.4178515014021,2.4097737744185894e-6,284.2740507565787,355.9982786371789,457.1428468147298,50.00001017107008,5500.117522859978,99.99998912515342,135.371832117688,187.5,436.4369316435851,384.74521270270947,22.62535545042063,399.99999096288855,1.0350213376900778e-6,450.4844380242673,6.210128026140457e-7,102.73809889332736,0.0,74.36863104110651,199.3655699032463,58.766180190379416,215.99997662065533,50.00002442936485,50.00002433510844,2.1266891554479983,1.057880665174039,599.9999772608668,1.5512854642253265e-6,436.43695222104446,87.28738663161218,31992.936217378938,5.109377713516065,2.8862902539141916e-6,256.95976905304184,436.43695152104743,1.9185639485511243e-6,9.547762969369699e-6,220.9523759604527,270.0
64,5.491000299887007,47.06106315386102,1.801199315023611e-5,78.43523174264219,5.263165626662746,7.310022950179483e-5,2.48634634351352e-6,262.4055729059773,172.00570989401425,457.142855334652,50.00001235867871,5506.800334145935,35.224953753391674,5.048725699122235e-5,200.0,304.86351807348,422.890390496639,2.1930068850538445e-5,399.9999984178204,1.0323022733134466e-6,390.9157447265353,6.19381363988068e-7,97.7720513772804,0.0,47.06113904558531,78.43530484287169,63.433940809797974,213.94752074008755,51.02037560025288,50.50500818706872,5.2650021174925534e-5,5.9333775206749334e-5,568.8499237751282,1.7876361252537009e-6,318.7244606005557,60.972703909558184,31974.132188064803,16.473000899661024,2.990064527312608e-6,374.1604862842247,318.7244600128836,1.5354933132364939e-6,9.302383643617959e-6,220.95238007841505,270.0
65,13.824335364435504,48.933312404451115,18.00355293260359,112.43865951258731,5.263171027606185,54.72610720748026,2.4097789519232784e-6,261.34807810629724,395.83480418856357,457.1428549793932,50.00000867615766,5487.770169914989,99.9999349666363,112.60429829973522,212.5,407.6913627171444,403.8729799949033,16.41783216224408,399.999998106969,1.058299405149979e-6,311.7449036275335,6.349796430899877e-7,90.55252106447168,0.0,67.46319570755237,167.16476672006758,67.57708418354618,203.99986828929744,50.0000149583316,50.0000118550778,1.0526650439034544,0.5263317219772187,539.9998688535418,1.739995376810677e-6,407.69136749665955,81.53827283970507,31749.635946781527,41.47300609330651,2.825026020731367e-6,571.0748377101565,407.6913671086695,9.545201140685146e-7,9.345575787815402e-6,220.95237990670665,285.0
66,21.400092039704678,49.895558944951894,6.778349766236915,134.5391602647229,5.2631696899296205,22.608775039639546,2.409767185513241e-6,163.4913423472029,132.67475903342557,457.14285673937525,50.00001044731958,5485.50059759253,3.3950376246991664e-5,96.16475550799849,237.5,410.07828558526205,446.60330065862007,6.782632511891864,399.9999996469533,1.0738846929295119e-6,216.9418713166103,6.44330815757707e-7,99.74378433541344,0.0,80.72349615883374,157.14793530436245,69.85833558885467,128.00006759282735,50.00004347716165,50.000024335795956,1.0527826999177345,24.049588783527422,360.0000670146081,1.8881091461691056e-6,410.0782883910396,82.01565740920219,31519.595342455166,64.20027611911404,2.786828809982278e-6,766.6503220639424,410.0782880888848,6.947406500419918e-7,9.219528946859086e-6,220.95238075736472,285.0
67,22.414607515533426,51.830909879924604,2.5870051314551778e-5,147.49030641126313,11.111071919790746,8.624533361923303e-5,2.3855696763313205e-6,130.13679780114862,304.1542481416441,457.14285806944514,50.00001090325345,5471.32144668211,1.0893629149892251e-5,90.48780326214387,250.0,412.933455734763,413.9050623441379,2.5873600085769962e-5,400.00000081076445,1.0731288448004122e-6,111.26046768945882,6.438773068802472e-7,101.49329808528734,0.0,88.49418384675788,147.49039265659675,68.35548184099582,128.0000214774676,50.00018323903625,72.34713090019201,74.92297784125475,36.66324940922279,360.00002089765576,2.1425109877881485e-6,412.93345713174574,82.58669143352277,31155.7699047248,67.24382254660027,2.735174163111999e-6,601.5077203578555,412.9334568740629,5.522304880460634e-7,9.049085284645802e-6,220.95238140023184,270.0
68,15.259751515561632,52.619927565509585,1.992710315952806e-6,0.0003196956903584198,5.008757413645082e-5,7.353837518672899e-6,52.61974107082352,111.5437345602,87.4874553082807,457.14286035823466,55.555518611376385,5450.814827999862,1.8688639495992119e-6,8.640133090467885e-6,237.5,283.0609889381,387.87771075228807,2.2061512556018737e-6,400.00000281345524,9.684038507275057e-7,1.466390301713139e-10,5.810423104365036e-7,93.55971223831298,0.0,0.00019181741421505174,0.00032704952787709267,65.4574633382151,120.00000344773363,120.17700564431682,106.45374401882577,2.680270375723131e-6,2.36161399235715e-6,360.00000284773927,4.157040874706386e-5,314.5121015191348,56.61219803992146,30885.35307577223,45.779254546684896,64.38478649556491,422.9988021015849,314.51210117877486,6.807197708782991e-7,9.727986106688232e-6,220.95238250648003,270.0
69,8.521304737765627,45.540651993008005,11.659831893955651,96.21136440263146,5.26317311404361,35.86648968322712,2.409778611903142e-6,102.19634092285943,300.89854306045515,457.14285851709343,50.000004093448794,5431.177590991108,8.033684550835365e-6,86.40466779784907,225.0,396.23356402954323,365.5689194263258,10.759946904968137,400.0000012024567,1.108602723156473e-6,1.2621537387004368e-10,6.651616338938841e-7,99.63646200633298,0.0,57.72681864157887,132.07785408585858,63.08858331164049,120.000015777468,50.00000860867166,50.00000769498814,1.0526398601313207,0.5263360557911034,360.0000151775714,2.3050014798345883e-6,396.23356492582286,79.24671308963822,30631.553803151408,25.563914213296883,2.708888936539333e-6,334.71507576550005,396.233564515809,8.20027664592365e-7,8.962323639286364e-6,220.95238161659512,255.0
70,4.733422475499981,47.85210485426202,18.535979923752993,111.52400365462636,5.263161648567413,55.837975893353025,2.409778997025906e-6,98.52702061371782,345.5652556538556,457.1428585170929,50.00000870842047,5423.910847891571,8.033686440770649e-6,200.16250719553955,212.5,502.0859382669823,345.1296563126415,16.751392768005907,400.00000120245625,1.108602723629612e-6,1.2621537191033095e-10,6.651616341777672e-7,97.72244247035034,0.0,66.91440219277581,167.3619795479794,61.48858323500396,112.0000157974664,50.00001345216095,50.00002433443075,1.0526348637288185,0.5263187159370568,360.0000151775698,2.3050012632659328e-6,502.08593916326237,100.41718793712604,30517.12942548996,14.200267426499943,2.7088889776024502e-6,289.98439615127825,502.08593851447887,1.2975670345500968e-6,8.962324519118744e-6,220.95238161659486,255.0
71,1.9310256073364813e-6,54.332695565976906,3.997265763645088,98.0937979065222,5.263183668728685,13.475990593338462,2.409778849557463e-6,95.80758662798895,244.89655994249372,432.7631644303332,50.00000196969165,5424.000252844823,8.033677493695892e-6,37.87264723070419,187.5,334.70936065660766,325.42425726078756,4.042797178001538,378.6677688765415,1.1086026453121901e-6,1.262153777957357e-10,6.651615871873142e-7,91.71064754718292,0.0,58.856278743913315,111.56978849986066,59.341079655839266,104.00001581744357,50.000013452198026,50.00002433461718,1.0526348636267182,0.526318715467525,340.00001522754746,2.305002015442093e-6,334.70936155288933,66.9418724150511,30543.30129499473,5.793076822009451e-6,2.7088888276938918e-6,244.8513337161718,334.7093604078799,2.2900187698503896e-6,1.2866010936678587e-5,209.16886280799434,240.0
72,1.931026311067378e-6,49.225654388051126,27.6672646355966,129.03206073060255,5.263201015257559,90.01394440868955,2.4097789576244403e-6,92.94616767455896,419.79597079963395,420.2631817768627,50.00001271484533,5410.195194711716,8.033684929797797e-6,371.3245976464005,175.0,657.1379779775203,306.26274500607,27.004183322606863,367.7302840547548,1.10860271488152e-6,1.2621537017890279e-10,6.651616289289124e-7,109.69035525758403,0.0,77.41923643836154,219.0460051392921,56.47667080857055,96.00001583745528,50.00001345213752,50.00002433435584,1.0526280191978672,0.5263187158900436,340.00001522755906,2.3050013200435033e-6,657.1379788738025,131.42759587923362,30434.26314199573,5.793078933202141e-6,2.7088889752837822e-6,200.5771615168705,657.1379741068613,9.533882439912312e-6,1.2866008052295479e-5,203.1272045254836,240.0
73,2.5046048184226652e-6,45.93483627821108,43.97714746431205,150.73050189115096,5.26318446007518,149.26949080253326,2.4097789266117994e-6,88.68281527711702,393.0004357577267,407.7631642139332,50.00003886468911,5420.919458104741,1.5693740644154975e-5,198.0176666521751,162.5,503.85908069916746,287.6735165420463,44.78084724075997,356.7927686871915,1.0861610970797148e-6,1.2318268929337695e-10,6.516966582478287e-7,109.52107693286786,0.0,90.43830113469059,299.99999269368425,52.68322084089582,96.0000311577979,50.00000694987067,50.00002433449839,1.0526346745566224,0.5263187157852807,340.0000305481956,2.020014786878188e-6,503.85908262761063,100.77181642888996,30685.241442732007,7.513814455267992e-6,2.7581971668995128e-6,158.63396388198714,459.8434257143507,88.03131382651986,1.1980946107363057e-5,197.08552937006766,240.0
74,3.824050354821972e-6,51.04082153568522,13.772150123206469,108.89881504732021,5.26313649561321,191.1011840965364,2.409778854311283e-6,66.8291597952182,246.79702974198898,380.2631128110564,50.000047603769396,5449.0916393167845,0.5210611861794826,5.957780006999355e-5,150.0,286.65207403702374,269.93696615121564,57.33035522896091,332.7302237096743,1.0635425381383467e-6,1.1999887270566333e-10,6.381255228830072e-7,92.03876282022375,0.0,65.33928902839213,299.9999991438566,42.28717350427558,90.25800868318866,50.0000068483366,50.00002433454003,1.0526423468498007,0.5263187157367535,373.2986589624226,1.7876403628542634e-6,339.9690703074048,57.33041510226675,30788.078731054993,1.1472151064465937e-5,2.8119358862373065e-6,90.88366670050621,218.50230502774014,242.93353055932937,1.106519065022452e-5,183.79383785867722,225.0
75,3.824054701953832e-6,46.655761517494845,14.687379554715092,103.11576406955368,5.263394470819848,196.88423507430414,2.409778785951831e-6,52.96463359257489,160.84218254954936,367.763370786264,50.0000108666559,5450.177637388708,0.5160262122585006,5.957820794527267e-5,137.5,295.32665050773056,257.06614033277543,59.065270522291236,321.79294943798095,1.0635424702304855e-6,1.1999887295685908e-10,6.381254821382906e-7,109.45363839258088,0.0,61.8694584417322,299.99999914385785,34.80179565926903,82.24431037477665,50.000013980944665,50.000024334535226,1.0526255127917554,0.5263187157585757,346.238557318063,1.7876401752087066e-6,381.3815811069544,59.06533039640812,30733.54859061249,1.1472164105861497e-5,2.8119360641871347e-6,62.233570748156076,228.14072332852516,306.48171555685843,1.1065175421428146e-5,177.75229588002756,225.0
76,1.6490838755086408e-5,54.91382333403343,36.402697814635275,153.07139746852448,5.262968132606676,146.92860286424153,2.4097787010973714e-6,35.95136735336507,291.47785164262194,340.26290370418724,50.00022287971609,5454.424478245643,99.99999190900085,636.6935461297699,125.0,855.5690188563883,246.96343652963915,44.078580859272456,297.7300407411638,1.0265869830436327e-6,1.1449952348873758e-10,6.159521898261796e-7,93.55687459089981,0.0,91.8428384811147,300.00000033276604,25.622380734721226,107.9999820081036,50.00000497854524,50.00002433455128,1.052644913245762,0.5263187156377144,449.99998257822494,1.4908586794849138e-6,1121.1115057725879,171.11380407671794,30696.2085077418,4.947251626525933e-5,2.909853182326697e-6,38.4262519119137,850.632243318421,540.9585249083334,1.0008651549792556e-5,164.4604034570238,210.0
77,1.6490942296031893e-5,50.821861877321595,37.723288157303344,148.45244561183623,5.263163174262894,151.54755472093004,2.4097787126730626e-6,55.8004914135286,50.00000008336324,367.7630987455113,50.000009782298136,5483.140461839861,99.9999919090046,597.3998811198818,137.5,833.8614897391974,334.7731537160073,45.46426641627901,321.7927114023223,1.026586980036459e-6,1.14499523608695e-10,6.159521880218758e-7,96.82498742427562,0.0,89.07146736710175,300.00000033276626,34.081621845076526,107.9999820081102,50.00001448355446,50.00002433445243,3.2227703793375233,0.526318715668542,479.9999826282314,1.490858575223835e-6,1219.613929271149,166.77229825327976,31309.846302724425,4.9472826888095705e-5,2.9098473561926508e-6,60.11788674139488,826.5127665215422,786.2023254992137,1.0008642042112756e-5,177.75216439366378,225.0
78,2.1602821168788113e-6,52.26824131958525,7.671696171920807,100.77709150103338,5.263236982890828,199.22290454163868,2.409778791975838e-6,136.55314806397575,104.59516226059087,407.76321748311256,50.0000032842054,5510.6392634436415,9.080788239148392e-6,2.9786080781212464e-5,162.5,298.8345057443352,418.6130460903465,59.76687136249161,356.7928152977234,1.1032211180104825e-6,1.2549816087255633e-10,6.619326708062895e-7,94.71962775259716,0.0,60.46625490062002,299.9999960426721,57.771551650950165,80.00001797167326,52.0616429912568,50.00002433438385,6.4289948270876516e-6,0.52631871567164,340.0000173218075,2.230721148300449e-6,391.2278237174372,59.76690143383728,31871.175451799467,6.4808463506364305e-6,5.140135510111563e-6,205.67530028507412,232.03834129302405,318.3789648488263,1.2370847250135736e-5,197.0855551168377,240.0
79,2.9838359899781894e-6,50.51749023723018,16.69293884711674,112.8945774688587,14.642864460458512,53.62113375480148,2.4097789359186078e-6,187.1779886444827,204.4951421374883,457.14284326090126,50.000065067586675,5500.979494120277,1.3002266051873317e-5,161.39705173406406,187.5,466.1991463804557,391.3024226257211,16.08634012644044,399.99998785328853,1.0909587603125354e-6,111.26046768705122,6.545752561875209e-7,99.93605204874062,0.0,67.73674648131521,166.51571122366016,68.32499908337344,96.00002577476586,51.020410828307796,50.000024334318816,1.780390240630237e-5,0.5263187157884796,360.00002511503595,2.0757852697463363e-6,466.199148044018,93.23982956397425,31747.770301414505,8.951507969934565e-6,3.3181259307847594e-6,444.4970122721439,466.1991378991332,2.1741126308561003e-5,1.1352898506826486e-5,220.9523742427689,255.0
80,6.814703912145037,50.41725533774133,20.211412078021148,118.5916465174881,1.021664084585365e-5,65.28762585487526,2.409778973388994e-6,221.39397603504472,170.77165862842904,457.14285673937013,58.91076784784411,5497.174933242382,3.395062392802116e-5,175.54509967559844,212.5,479.8338240450706,353.86683494254925,19.586287756462575,399.9999996469488,1.0738846248261893e-6,216.94187131661022,6.443307748957136e-7,102.92263281515244,0.0,71.15498791049285,183.87927237236335,72.71882433148271,120.00006761302538,50.00001603268479,50.00002433436527,1.052628122387789,0.5263218306247321,380.0000669647206,1.8881081827544548e-6,479.83382685084257,95.96676510116392,31642.469145785282,20.444111736435108,2.786830415753207e-6,705.8871996334726,479.83382549165054,3.125172577788277e-6,2.868630567192081,220.95238075736222,270.0
81,17.612190288482285,53.99408402884467,0.0002430991122768138,91.75363936376674,5.26309280891564,38.96289056441718,2.4071747029521264e-6,236.0686225918091,337.3245363090334,457.1428555545382,50.00008964550842,5495.570698020959,22.839428620654537,0.00012155954252311739,225.0,318.7992689674085,309.588069890735,11.688867169325153,399.9999986102208,1.0611625188861429e-6,311.7449036301787,6.366975113316864e-7,109.5356413453057,0.0,55.05218361826004,130.71652992818392,71.56133758908393,214.15916946173522,50.00000949479379,50.000027293505674,1.052639616882904,1.0578578363152737,598.9296334270532,1.7876353806133116e-6,318.79927658912754,63.75985408834389,31394.481925680797,52.83657086544686,2.8119375414402757e-6,592.370039819107,318.79927592021653,1.645632591112199e-6,9.30238593200616e-6,220.95238018469342,285.0
82,18.369788742022628,49.95319010992403,1.801193627694935e-5,83.25547567973983,5.26316748571511,7.309997676091843e-5,2.4579837839433984e-6,236.80406695485564,209.53430061732317,457.142855334658,50.00000905744224,5474.102539843345,10.61639457473491,5.0487522155850994e-5,212.5,312.09886138982205,284.07180057573345,2.1929993028275535e-5,399.9999984178257,1.0323021813667293e-6,390.9157447265353,6.193813088200379e-7,104.58143559577941,0.0,49.9532854078439,83.25554877971659,67.73302613629184,225.89320224584904,50.00001398100242,50.50498943120202,1.052627062081785,7.871166519233445e-5,598.8427163143376,1.787636209643302e-6,325.53384473345255,62.419772572826574,31039.060023348877,55.10936622606788,2.8119374856303624e-6,395.4629069088525,325.53384423172656,1.3109298448315482e-6,9.302382522434396e-6,220.952380078418,300.0
83,14.581912713507315,54.52523325167331,0.00029628985158741726,91.75309650781881,5.26317029805355,19.325688384943284,2.4076462625108243e-6,257.26341687562405,276.52310410408273,457.1428488305299,50.00000747114577,5453.782650014394,99.999987212444,0.00014818078569432008,200.0,301.47135699282086,246.79656004449805,5.797706515482985,399.9999927267136,1.037022525967618e-6,450.4844380264345,6.222135155805714e-7,92.79494716882793,0.0,55.05185790469129,111.07878489276209,63.462981647096676,239.99997283529913,50.00000645042587,50.000011725620574,1.0526381731426653,0.5263297337901293,599.9999734355806,1.580291799109813e-6,307.9497661438018,60.29427170031972,30801.78232969109,43.745738140521944,2.8757457156871463e-6,279.2736014772793,307.94976576888666,1.027573796447028e-6,9.512949498197379e-6,220.95237693475605,300.0
84,10.794036767191608,54.78835402947539,19.442570423401698,124.5954064759821,5.263170162411856,67.10975406337523,2.4097793977623194e-6,313.7000012629372,337.46931650899063,457.14283922507013,50.000008493551015,5434.744051810117,99.99999133247947,101.57092136913705,187.5,406.9073859945737,290.34386276531524,20.132926219012568,399.99998432193627,1.028719939598857e-6,487.46396053015,6.17231963759314e-7,104.5171015980562,0.0,74.75724388558926,191.70516053935734,63.4330019840731,239.99998107518257,50.00000955880213,50.00002232110051,1.0526386935001573,0.5263208137716184,599.9999816753239,1.5057822018663548e-6,406.9074694643946,81.38147750370372,30634.21831698551,32.382110301574826,2.9038245115478047e-6,272.86699675298973,406.9074690402979,1.1988232435910875e-6,9.605609451013094e-6,220.9523722921172,300.0
85,2.460704805534013,48.35264888721238,19.22368745120083,113.50442278540905,5.263169938835677,62.322512777723,2.409779547767128e-6,360.9485755916448,321.43431981969127,457.14283445492487,50.000009187319336,5435.156721638296,99.99999191281563,294.98559411204826,175.0,570.4703747358271,322.60385260549197,18.6967538333169,399.9999801480592,1.0265725041346772e-6,500.0000045633427,6.159435024808072e-7,95.58847695426546,0.0,68.10265367124543,175.82693556313205,63.91676626346883,227.9999822158273,50.00001306979385,50.00002433436265,1.0526383602761114,0.5263187160392689,599.9999828359516,1.4907548536600434e-6,592.8296877090045,114.09407525261035,30572.069040302853,7.382114416602039,2.909896404960597e-6,275.13465814488643,592.8296872195438,1.3984592289068573e-6,9.625648538159255e-6,220.95236998654698,285.0
86,2.4607034823982703,50.627809655663334,31.758825740372526,138.1882587204369,5.2631703226825755,118.13838577172446,2.409779326250333e-6,333.8451705367657,409.190133862506,457.1428392251575,50.00000957821968,5435.205379210456,99.99999133247353,251.2378474052424,175.0,544.0706769150653,345.4141281479436,35.441515731517335,399.9999843220128,1.028719944312907e-6,487.4639605301501,6.172319665877442e-7,107.32205584502259,0.0,82.91295523226214,256.32664449216134,62.690341772077346,227.99998105514842,50.000016187611436,50.00002433464628,1.0526476529998225,0.5263212172856544,599.9999816752895,1.5057822868926317e-6,544.0707603899307,108.81413568780202,30701.97383952797,7.382110447194811,2.903824253813009e-6,253.46448769115705,544.0707598109071,1.6367657974769952e-6,9.605610798079175e-6,220.95237229215942,285.0
87,1.703124438094445,52.24023910891121,0.0002963052137686631,87.94474693526888,5.2631689891653535,11.188657008472594,2.407646539545557e-6,291.1418523981424,227.320053833154,457.1428488305013,50.0000103157769,5448.157102419205,99.99998721247835,0.00014818477386372396,187.5,299.57701204552365,373.6450841333488,3.3565971025417785,399.99999272668856,1.037022489862078e-6,450.4844380264345,6.222134939172463e-7,91.15456204733644,0.0,52.76684816116133,99.13340394374147,62.33543925086476,215.9999727952761,50.000028077551924,50.00002671111137,1.0526270276937408,0.5263141176603979,599.9999734355567,1.5802913006331937e-6,308.7504907572332,59.91540271086027,30801.13299431852,5.109373314283335,2.875745760455748e-6,246.52270835099284,308.75049006431084,1.8991737189472201e-6,9.512952385111001e-6,220.9523769347423,270.0
88,5.491002775115901,46.734574824251816,26.093741211338312,122.25773099778542,5.263170596499115,86.12023283249302,2.409778933624585e-6,291.6432156957229,405.70766062270235,457.1428519804302,50.0000098102722,5429.45676694916,99.99998247349286,180.89754613771538,200.0,478.5091570382004,410.4166997496955,25.836069849747908,399.99999548287633,1.045085719006855e-6,390.9157447169502,6.270514314041126e-7,102.49531063208126,0.0,73.35463859867126,208.37796383027842,67.22666627981062,215.9999633174239,50.000020165209136,50.00002232141286,1.0526994251543045,0.526323927774344,569.9999639079296,1.6286375735753105e-6,478.5091659512028,95.7018317076028,30653.219517492696,16.473008325347703,2.8591499969109094e-6,341.13011802446647,478.50916537725664,1.4996297104732072e-6,9.45818642811862e-6,220.95237845720789,270.0
89,13.824334363471229,48.21899821990361,0.00024312427883079694,81.24258848396313,5.2631682563871,43.2521449879776,2.407180105637343e-6,203.5591104343458,260.85463744911885,457.1428555545497,50.00001093993343,5435.382508276555,31.39092327460112,0.00012156507461957996,212.5,303.6251861277901,447.08803815077187,12.97564349639328,399.99999861023093,1.0611625197098079e-6,311.744903630179,6.366975118258852e-7,95.64833511092573,0.0,48.74555309037788,124.49473347194073,74.02601916785923,202.17482307903163,50.00008120616997,50.00002729297495,1.0525776127037605,0.526313092213021,538.9371165514855,1.7876344473366826e-6,303.6251937495871,60.725037520420166,30629.438992815732,41.473003090413684,2.8119378623336086e-6,622.4148703977949,303.6251933643061,9.478554495251709e-7,9.302382264477545e-6,220.952380184699,285.0
90,21.400092028777767,46.266220847431704,27.261482248520867,123.4233716470059,5.263169653905304,94.33896692084723,2.4097785673919468e-6,149.6787813904867,224.9237514849352,457.1428567394147,50.0000098975265,5413.174945650476,3.394935293524968e-5,283.0905418842571,237.5,568.2518518375668,436.19759118851323,28.301690076254168,399.9999996469878,1.0738849054690637e-6,216.9418713166106,6.443309432814386e-7,92.51062177590724,0.0,74.05402298820354,217.76233856785313,76.03468843357267,128.00006758862293,50.00002535418055,50.00002192377377,1.0526586580117203,0.5263212281446217,360.0000670102633,1.8881114855620197e-6,568.2518546434485,113.65037065966298,30255.99019214213,64.2002760863333,2.7868285193298947e-6,774.2865301759406,568.2518543412939,6.947402186732102e-7,9.219524013372334e-6,220.9523807573837,285.0
91,20.642515747552473,47.85294654474296,28.196867645905083,127.6268859801452,5.263168877158485,99.14321692437834,2.4097784183557577e-6,124.08180294980959,352.1839086133828,457.1428578210452,50.00001037422177,5417.626021368925,1.3001943433931949e-5,350.76302672597296,250.0,634.8953332839224,406.2618650643995,29.7429650773135,400.00000059341454,1.0909593556162032e-6,111.26046768705154,6.545756133697214e-7,92.92289176504458,0.0,76.57613158808712,226.77010290452353,74.14652479790087,128.00002569375545,50.000047638704366,50.0000243346644,1.052633508803871,0.5263187162581352,360.0000251140217,2.075792698213151e-6,634.8953349475862,126.97906694466732,30074.508815920824,61.92754724265742,2.7473335387235222e-6,601.7716722522895,634.895334693876,5.437171369666042e-7,9.089190110734806e-6,220.95238128017183,270.0
92,16.85618752867897,45.9494910563773,0.5939784458115959,123.63794536127425,5.268286323545669,1.9389826351493769,2.4097743586373285e-6,107.95373067091384,299.90602640012,457.14285851742557,50.00001020253163,5423.578931575459,8.03200735429318e-6,47.784906701784045,237.5,376.73078676646406,381.44551451984756,0.5816947905448131,400.00000120274734,1.1086121515307292e-6,1.2624679320032552e-10,6.651672909184367e-7,108.57519383642011,0.0,74.18276721676455,125.57692799642362,70.51025419434539,120.00001577392895,50.00004562736392,50.00002433515413,2.126721738051127,27.63929901573785,360.00001517403246,2.3051390604558443e-6,376.7307876634046,75.34615763702006,30064.208839295425,50.56856258603691,2.708863347571177e-6,421.53601513474075,376.730787364415,5.979791803074589e-7,8.961479414658265e-6,220.95238161675567,270.0
93,8.519905210218997,53.44899265846538,2.182628686711323e-6,49.49869059276611,5.25855555530573,8.290795425084215e-6,23.74978385162091,99.89436075375689,199.9223885550588,457.1428602943998,50.004871756510624,5403.019833762967,1.982623425479086e-6,9.069818092744404e-6,225.0,309.5190487489742,359.85477345480615,2.4872386275252664e-6,400.00000275759976,9.806099816336112e-7,1.4508939710046573e-10,5.883659889801671e-7,106.45809907644887,0.0,29.699214355659663,49.49869888356154,67.80620366305271,120.00000367524125,51.020427514530105,75.75735562014896,3.2364852800229743e-6,2.3855765278185563e-6,360.0000030752476,1.8360351113994033e-5,327.41048861128127,61.90381000420357,29859.072136916366,25.559715630656992,1.4852808067020184e-5,332.2994355831904,327.4104881346548,9.532528587605658e-7,8.067183262055897e-6,220.9523824756265,255.0
94,4.733423865476599,51.66730598032303,24.97855115509249,128.62031259167762,5.2631662355084154,89.19617570657832,2.4097781384476047e-6,96.92594124074351,426.2924783137801,457.14285851711816,50.00000386662815,5382.67797484668,8.033606109299614e-6,361.14129476047293,212.5,653.4494645183695,339.8758827871569,26.758852711973496,400.0000012024783,1.1086031410318088e-6,1.2621536924881263e-10,6.651618846190847e-7,98.11464110082078,0.0,77.17218755500657,217.81648829825593,65.9457345865779,112.00001579712979,50.00000640436571,50.00001185485473,1.0526421339001097,0.526331720766051,360.00001517723314,2.305006669958584e-6,653.4494654147098,130.68989318740324,29659.692484636267,14.200271596429799,2.7088868340634723e-6,287.12832417267856,653.4494647659274,1.297564873809972e-6,8.962317503590408e-6,220.95238161660708,255.0
95,1.9310150925831406e-6,50.156192975370715,5.076354010167044,92.93144066660473,5.263183668840754,18.00813953404459,2.4097784362273702e-6,94.65279690460305,243.88822666327857,432.7631644304594,50.00000196967991,5387.872805625799,8.033638645144373e-6,24.679012325620548,187.5,332.8187357593729,320.49069960981547,5.4024418602133775,378.6677688766519,1.1086029122177792e-6,1.262153765891486e-10,6.651617473306675e-7,104.37330223722651,0.0,55.75886439996284,110.93958020064932,63.43649589291073,104.00001581721158,50.00001345202368,50.00002433442537,1.0526348636900074,0.5263187156006007,340.0000152273155,2.3050041529194794e-6,332.8187366556961,66.56374743560399,29848.556784893135,5.793045277749415e-6,2.7088873946634024e-6,241.9107072024862,332.81873551068907,2.2900141492428703e-6,1.2866031599696731e-5,209.1688628080554,240.0
96,1.9310187302769753e-6,52.354650942110666,23.011313926900993,126.48713713950853,5.263201015405315,82.46267924792157,2.4097786022045266e-6,92.11075186009667,403.64206879640915,420.2631817770205,50.00001271491948,5373.9182108680925,8.033666172677876e-6,352.1902872801649,175.0,626.8494117224268,301.5601452997359,24.73880377437647,367.7302840548929,1.1086028470733324e-6,1.262153689799728e-10,6.651617082439993e-7,96.27071982047374,0.0,75.89228228370511,208.9498163874301,60.10511202112963,96.00001583728891,50.0000134520283,50.0000243342928,1.0526280192997577,0.5263187158692223,340.00001522739274,2.305001974314676e-6,626.8494126187378,125.36988262821481,29728.089372897262,5.7930561908309226e-6,2.7088879477533147e-6,197.7841361187737,626.8494078518221,9.533831245264507e-6,1.2866022981513741e-5,203.1272045255599,240.0
97,2.504592925068664e-6,52.243956502957,38.251439311467635,151.702855344425,5.263184462058605,148.29713734922376,2.409778648110839e-6,88.08143671901065,372.34647223910133,407.7631642159435,50.000038864880494,5378.897991188655,1.5693649923688923e-5,149.16849371830222,162.5,454.94179868877234,283.13799999858605,44.48914120476713,356.7927686889505,1.0861612491312361e-6,1.231826882852757e-10,6.516967494787413e-7,103.72600826268221,0.0,91.021713206655,299.9999926936488,55.74193787541465,96.00003115722939,50.00000694986149,50.00002433441659,1.0526346744972748,0.5263187158477626,340.000030547627,2.0200157553917873e-6,454.9418006172428,90.98836002681084,29961.60917850616,7.513778775205979e-6,2.7581962122861713e-6,156.1766254055747,405.49089014725666,98.90182093997231,1.1980958488732262e-5,197.0855293710393,240.0
98,3.824051317213875e-6,50.18309980147442,14.241180056787758,108.25099537956865,5.263136493675417,191.74900376429065,2.4097785939654405e-6,66.40390803003815,335.4160463232301,380.2631128091161,50.00004760581287,5400.426849137499,0.5113890428144015,5.9578309504935804e-5,150.0,287.62380355083684,265.5217253192894,57.524701129287195,332.73022370797656,1.0635423068374776e-6,1.199988720758379e-10,6.381253841024872e-7,93.31280818076992,0.0,64.9505972277412,299.9999991438593,44.098142220372154,90.29134888228216,50.00000684827224,50.00002433451869,1.0526423469140582,0.5263187157153054,399.9100337060474,1.7876382933811101e-6,310.1539558285176,57.524761005029376,30017.071696981122,1.1472153951641624e-5,2.8119358683279875e-6,89.49794974958971,219.5820044875317,181.14390268197184,1.1065189998443861e-5,183.79383785773945,225.0
99,3.82405563969898e-6,52.555562860508296,10.053279633595942,105.22526643925738,5.263394469474045,194.77473270460274,2.40977856359565e-6,52.701286992684146,286.82069605137633,367.7633707849156,50.00001086665481,5401.438586528174,0.5097207978043177,5.957848856916106e-5,137.5,292.1623969636029,252.72676131769066,58.43241981138082,321.7929494368011,1.0635422705878522e-6,1.199988723836323e-10,6.381253623527115e-7,105.30495041078778,0.0,63.13515986355443,299.9999991438601,35.944795220133756,82.27301758866913,50.00001398094266,50.00002433449399,1.0526255127941622,0.5263187156864869,363.47247572386584,1.7876385665119323e-6,323.1882218335886,58.432479687582585,29963.372986709677,1.1472166919096913e-5,2.8119360538821183e-6,61.3539177871821,224.6248860572714,197.12667155263443,1.1065174827068366e-5,177.75229587937585,225.0
100,1.649084480779173e-5,51.51660417795131,34.55308734507153,144.3266814259162,5.262968133817225,155.6733189068501,2.4097785838388228e-6,35.823728981554815,195.34390744471858,340.262903705378,50.00022287843723,5400.70842759573,99.99999190902943,589.5044602224934,125.0,823.1154454455269,242.67073669080287,46.70199567205503,297.7300407422057,1.0265868903601153e-6,1.1449952349187616e-10,6.159521342160687e-7,107.30984929831504,0.0,86.59600885554973,300.0000003327663,26.190365199931637,107.99998200809978,50.000004978545576,50.0000243344422,1.052644913243167,0.5263187157185811,449.99998257822114,1.4908577600811649e-6,1129.8735945178769,164.62308939454567,29926.560695615855,4.9472534423375186e-5,2.9098531611062617e-6,37.98590581851355,814.5727173063527,630.6017544230484,1.0008651313491058e-5,164.46040345759934,210.0
101,1.6490950106919436e-5,54.58237757633827,32.99037711607549,146.83178670821368,5.26316317426337,153.16821362455275,2.409778624777704e-6,55.73772057042572,370.8184351966281,367.7630987454861,50.00000978229743,5427.404405380822,99.99999190902848,606.8170088429057,137.5,851.9744082145611,330.5059815515612,45.95046408736582,321.7927114023003,1.0265869095670211e-6,1.1449952352100334e-10,6.15952145740212e-7,108.01952234497702,0.0,88.0990720249282,300.00000033276643,35.12947219877481,107.9999820081078,50.00001448355234,50.0000243344214,3.2227703794362395,0.5263187157061605,479.9999826282291,1.4908578089079912e-6,1081.1414685347536,170.3948819483525,30493.273612347242,4.9472850320758416e-5,2.9098473430745194e-6,59.132807230799465,846.6382314941684,469.00647408117027,1.000864185488275e-5,177.7521643936516,225.0
102,2.1602822698087532e-6,51.612180070591705,6.880530097289621,98.36504596158778,5.263236983013391,201.63495008108785,2.4097786981647096e-6,140.83290057780889,50.00000011834575,407.76321748323505,50.00000328420541,5449.855940837265,9.080807953942832e-6,2.9786104065515552e-5,162.5,302.45257405462894,414.3584280945444,60.490485024326354,356.7928152978306,1.1032210263024049e-6,1.2549816096358244e-10,6.619326157814419e-7,99.46331731467464,0.0,59.01902757695267,299.99999604267566,61.17171870529995,80.00001797167296,52.06164299134852,50.000024334388954,6.428995361464814e-6,0.5263187156290127,340.00001732180715,2.230719745293649e-6,422.9072875198733,60.49051509589603,31064.61093685167,6.480846809426256e-6,5.140135128077241e-6,197.99538071689116,236.05841719334927,373.6977406530481,1.2370846906986128e-5,197.0855551168969,240.0
103,2.9838360453412996e-6,49.67743111001881,13.984333371962695,106.98013646501173,14.6428644605067,47.39637239029915,2.4097788759264117e-6,202.50731359845727,185.55863914472965,457.1428432609499,50.00006506770349,5438.384955322965,1.3002273056823322e-5,118.0004409328075,187.5,432.21264325916854,386.1918541271727,14.218911717089744,399.99998785333116,1.090958755367596e-6,111.26046768705123,6.545752532205576e-7,107.47873131934911,0.0,64.18808187900703,154.37650885531087,73.5585178705876,96.00002577471837,51.02041082839858,50.000024334283474,1.7803862006287577e-5,0.5263187158456457,360.0000251149892,2.0757849787030204e-6,432.21264492273497,86.4425289397168,30945.81373820764,8.951508136023902e-6,3.3181273423066055e-6,423.9341685309551,432.2126347778593,2.174110668561925e-5,1.1352897844177338e-5,220.95237424279244,255.0
104,6.814703912625579,47.60918275511426,9.141116821139159,95.46103345074297,1.0216640248666026e-5,33.576646170572175,2.409778893741683e-6,251.57231477928312,87.308187784887,457.14285673937434,58.91076784799572,5430.301733333751,3.395063972267548e-5,19.777431790269432,212.5,336.72443358179385,345.69040145321287,10.072993851171653,399.99999964695246,1.0738846183587658e-6,216.94187131661025,6.443307710152591e-7,106.06761633192056,0.0,57.27662007044579,129.03767962131514,78.87758550311925,120.0000676127927,50.000016032733896,50.00002433438466,1.0526281224230163,0.5263218300866449,380.00006696458667,1.8881083555923544e-6,336.7244363875745,67.34488700850854,30809.453678021873,20.44411173787674,2.7868302512023425e-6,669.5500997175976,336.7244350283826,3.1251722631087133e-6,2.8686305656015416,220.95238075736424,270.0
105,17.612189894682814,49.14225233025055,0.00024308773870202133,82.78134527253233,5.263091509407966,45.54311535016324,2.407179995436327e-6,278.07856475353054,293.78251160807986,457.1428555545715,50.000089647318546,5415.779574503955,1.0731183899229477,0.00012155357053926725,225.0,312.9653487888477,295.37596865256586,13.662934605048973,399.99999861025003,1.0611626486086797e-6,311.7449036301789,6.366975891652077e-7,105.6757886086825,0.0,49.668807163519396,128.32446062269557,77.12224808842363,197.21976541316752,50.000009494875556,50.000027293013765,1.0526328123116018,0.5263130915474861,597.6521835450006,1.787638335060149e-6,312.96535641082414,62.59307005263163,30427.501049981587,52.836569684048435,2.811936758110264e-6,544.7991871580458,312.9653557419136,1.6456313861079833e-6,9.30238317356643e-6,220.95238018470954,285.0
106,18.369790433418668,53.42804989555905,10.357832144357117,107.18700317270059,5.263169868830028,40.100738407065634,2.4097791744353405e-6,300.8649481816449,371.4392374011784,457.1428519803603,50.000007824541974,5392.643143165166,99.99998247362784,26.95541664213084,212.5,338.22452414816826,240.77971618602172,12.03022152211969,399.9999954828152,1.045085601863762e-6,390.91574471695,6.270513611182572e-7,102.34695899200908,0.0,64.31220190362033,147.28774157976622,70.82675325747388,227.99996333800644,50.00000751674063,50.00002192318006,1.0526370874977227,0.5263212283977443,599.9999639585126,1.6286368176842705e-6,338.2245330608597,67.64490512959647,30100.62165924033,55.109371300256,2.85915135005701e-6,328.3082985608813,338.22453256919437,1.2846429683799404e-6,9.458188126807443e-6,220.95237845717412,300.0
107,14.581913140635658,54.76112167049605,30.509039510414997,142.9941308698909,5.263169726673877,131.62186553692422,2.4097793754695405e-6,291.408594849123,500.00000458779186,457.1428468148167,50.000008461488804,5381.752949332282,99.99998912511218,316.1506025301284,200.0,601.1697516461752,275.60670809004273,39.486559661077266,399.99999096296455,1.0350213643616308e-6,450.4844380242673,6.21012818616979e-7,103.55335301746594,0.0,85.79647852193455,274.61599640681516,66.06852934729642,239.99997666060213,50.000009589895654,50.00002433431646,1.0526364407814626,0.5263187157815046,599.9999772608144,1.5512862000040842e-6,601.1697722240068,120.23395063213017,29930.59209674593,43.745739421906976,2.886294218207241e-6,242.5228758035806,601.1697718470118,1.0332743460934318e-6,9.547759431744008e-6,220.95237596049472,300.0
108,10.794036677689588,46.30315880592787,26.364121347186472,121.98932914625537,5.26316986697357,97.77312565477598,2.4097794889541033e-6,341.5348144194811,377.43729468678544,457.1428392249878,50.00000880540702,5392.441430038508,99.99999133246845,181.36544458793048,187.5,466.4608133452563,312.32497706542335,29.331937696432796,399.9999843218643,1.0287199111942034e-6,487.46396053014996,6.172319467165224e-7,93.47501720185714,0.0,73.19359748775322,219.76245480103137,66.32928956382769,239.99998107521992,50.00001097863569,50.00002433435586,1.0526372288514945,0.5263187156984492,599.9999816753611,1.505782588393567e-6,466.460896809529,93.29216297384026,30101.22897379391,32.38211003306876,2.9038247140483373e-6,242.13589601669122,466.4608963854323,1.198823350983327e-6,9.605610080422908e-6,220.95237229207743,300.0
109,2.460704805540249,52.173663628255525,30.476393558706803,138.6272908663269,5.263169938822313,140.07805870652382,2.4097796430096606e-6,382.47054714206774,500.00000458335506,457.1428344548907,50.00000918732271,5398.906764516546,99.9999919127884,709.1951107722361,175.0,948.9067285060029,339.01800427428043,42.023417611957136,399.99998014802935,1.0265725526453112e-6,500.00000456334266,6.159435315871869e-7,101.1854983262175,0.0,83.17637451979613,278.7053495728507,67.30160630207266,227.9999822158431,50.00001306981431,50.00002433431583,1.0526383601462954,0.5263187160409052,599.9999828359674,1.4907557440451923e-6,989.3095619624877,189.7813460066455,30137.312880771828,7.382114416620746,2.9098964989376965e-6,250.22784655585963,989.309561473027,1.3984590362078884e-6,9.625648848364608e-6,220.95236998653047,285.0
110,2.4607033617048386,52.557136532286485,24.249453238087778,128.88817850835642,5.263169924180194,94.41568015073685,2.4097795174799165e-6,345.2654772756207,362.1487390974479,457.14283922494207,50.000009578209685,5409.192676184631,99.99999133246611,180.46276936960197,175.0,473.977671385949,357.52388550662056,28.324704045221054,399.99998432182423,1.0287199117229264e-6,487.46396053014996,6.172319470337557e-7,100.88731665292063,0.0,77.33290710501386,223.30385865909327,66.45784378394723,227.99998105523383,50.00001618750805,50.00002433460138,1.052639947176005,0.5263187156992015,599.9999816753748,1.5057826854381403e-6,473.9777548483806,94.7955345819788,30696.371283610548,7.382110085114515,2.9038247529425046e-6,238.27667894043205,473.9777542693568,1.6367662982796857e-6,9.605612192647542e-6,220.9523722920553,285.0
111,1.7031252901503062,49.26064528878275,22.245049040148494,120.0533527832048,5.26316982000789,80.89095476722848,2.4097794318609995e-6,294.8001880157553,357.1941802801409,457.14284681474896,50.000009937189176,5413.504776287535,99.99998912510209,152.18063602586037,187.5,439.8929904626197,383.4707801442473,24.267286430168543,399.99999096290526,1.0350213746672011e-6,450.4844380242673,6.210128248003212e-7,91.02728478405088,0.0,72.03201166992288,200.94430755043328,66.61555343554173,215.9999766206376,50.000020756917465,50.00002433455959,1.052642001879528,0.5263187157496987,599.9999772608489,1.551286475601839e-6,439.8930110402016,87.97859839541908,30733.86804561589,5.1093758704509185,2.8862942669975617e-6,238.58425854870302,439.8930103402047,1.9185638362204474e-6,9.547762870657658e-6,220.952375960462,270.0
112,5.491002656906229,47.12033579966884,13.617282210393482,102.10656412629162,5.2631702063226316,49.407712548139415,2.4097792767747658e-6,283.8397061370668,322.7281615542273,457.14285198034275,50.00001022220104,5415.7651592970215,99.99998247358235,43.38198991433742,200.0,347.930134312273,419.5107304862916,14.822313764441823,399.9999954827999,1.0450856452771889e-6,390.91574471695,6.270513871663118e-7,98.41808804390448,0.0,61.263938475774964,151.51427667443102,73.00230206756532,215.9999633181178,50.00002720536017,50.000024334566284,1.0526921743697764,0.5263218304062783,569.9999639086226,1.6286372704485783e-6,347.9301432249123,69.58602716241744,30742.898126512526,16.473007970718687,2.859150959583095e-6,343.1579917953678,347.9301426509657,1.4996306241227835e-6,9.458189375392527e-6,220.95237845716565,270.0
113,13.824334363412621,51.00570791857216,0.000243071563823174,85.88710455861306,5.263168256212704,43.84516861358225,2.4071799994706975e-6,167.81416232021883,216.48171767227,457.14285555457064,50.000010939998624,5407.481750887145,1.039443669922216,0.00012155111559869914,212.5,316.39880789911774,457.74277079918454,13.153550584074676,399.99999861024924,1.0611626383462318e-6,311.7449036301791,6.366975830077398e-7,108.59986398405128,0.0,51.53226273516783,129.7322731721953,81.40125909214073,181.69078395511644,50.00008121727166,50.00002729349682,1.0525775988651582,0.526313091049208,537.6074514626307,1.7876396352905496e-6,316.3988155210822,63.27976187468564,30580.385321349644,41.47300309023787,2.8119373256693118e-6,650.7845785876403,316.3988151358013,9.478551758554681e-7,9.302380495777938e-6,220.9523801847091,285.0
114,21.400092028815873,50.56261976009802,32.06965660568554,138.5976604307987,5.263169653975161,158.40874700282203,2.409779170781901e-6,137.26069771038266,345.5253733604939,457.1428567393513,50.00000989742136,5383.061616231066,3.3950972220215614e-5,502.81155551868625,237.5,775.0396168215099,425.1674078353006,47.522624100846606,399.9999996469324,1.0738845122575757e-6,216.94187131661013,6.443307073545456e-7,98.79830714990807,0.0,83.15859625847922,297.0064074336207,83.44570178823408,128.00006759479731,50.000025351914104,50.00002192318492,1.0526586570558547,0.526321228590311,360.00006701633157,1.8881069867196065e-6,775.0396196272557,155.00792365645182,30189.91469574818,64.20027608644762,2.7868307993337375e-6,779.2936005013833,775.0396193251008,6.947405796604318e-7,9.219531540101913e-6,220.95238075735315,285.0
115,20.642515746918868,45.6846239822921,28.94205604938448,125.25499571435172,5.263168875020837,115.74897580981167,2.409779186856323e-6,117.54750422142853,374.38797828134193,457.1428578209875,50.000010374185585,5390.097562300281,1.3002365069781664e-5,378.9040197914341,250.0,674.7463387764532,397.715298448751,34.7246927429435,400.000000593364,1.0909586078641927e-6,111.26046768705088,6.545751647185166e-7,109.61463185763516,0.0,75.15299742861104,241.00397152416338,81.17439231124906,128.00002569513123,50.00004763557278,50.00002433450421,1.052633456021006,0.5263187157550292,360.0000251153963,2.0757830064991227e-6,674.7463404399804,134.94926804317382,30225.150090966035,61.92754724075661,2.747336874015353e-6,601.2781034673224,674.7463401862698,5.437177429562906e-7,9.089201127915613e-6,220.95238128014395,270.0
116,16.85463631787455,53.60120248784912,14.208588598557007,113.89351417065131,5.263167328398357,50.4873357409062,2.409779139212014e-6,103.90177570709558,360.91663025092225,457.14285851708706,50.000010200456686,5394.687300656291,8.033704556001251e-6,188.54531699297394,237.5,493.1425525056956,374.2058076502866,15.146200722271859,400.00000120245113,1.1086026092040734e-6,1.2624676092187076e-10,6.651615655224442e-7,98.79105521567361,0.0,68.33610850239079,164.3808499115575,76.902409117317,120.00001577755503,50.00004557414772,50.00002433451678,1.0526017273169306,0.5263187171611879,360.00001517765827,2.3050001470631537e-6,493.14255340196,98.62851078486875,30243.287248677076,50.56390895362365,2.708889823592378e-6,419.1958151755874,493.1425531029677,5.97984480422376e-7,8.962325311042874e-6,220.95238161659208,270.0
117,8.522822790784186,52.87097933154962,3.313967931458633,128.9151172831633,5.2681826890271255,11.194588718586642,2.409766676173807e-6,96.74973072184852,315.92117690124667,457.1428585170772,50.00000870836281,5385.825166519653,8.033756807299605e-6,107.39588482807179,225.0,420.3291197768787,353.4254575797756,3.3583766155759927,400.00000120244243,1.108602155601335e-6,1.262153765050096e-10,6.651612933608014e-7,95.33923043402412,0.0,77.34907036989799,140.10970600174994,73.38840537623727,120.00001577765254,50.000013452152885,50.00002433586512,3.222792582080896,21.164124408054256,360.00001517775587,2.3049959066995223e-6,420.32912067312134,84.06582423910544,30180.315076564697,25.56846837235256,2.708884850033924e-6,329.8618639019142,420.3291202631072,8.200282936553509e-7,8.96236216185915e-6,220.95238161658727,255.0
118,4.732054168065298,51.920594126835404,2.1826110653410484e-6,75.34452390204653,5.2586471156821695,8.290703873105556e-6,6.713885334398048,94.43532079896298,213.76389889605605,457.1428602944152,50.00477195803687,5367.1226128382405,1.9826019255026382e-6,9.069616740759067e-6,212.5,308.43669261299084,334.0755165063683,2.487211161931665e-6,400.0000027576132,9.806099090983717e-7,1.450893477096053e-10,5.883659454590222e-7,96.64020337801526,0.0,45.206714341227915,75.3445321927504,71.21871386443503,112.00000369521193,52.061663284628935,69.60593974356152,3.2361443129190376e-6,2.3855695858624216e-6,360.0000030752183,1.8362307622445595e-5,317.5925932669719,61.687338777006644,30089.79384305162,14.196162504195897,1.486067666355592e-5,284.34596533660203,317.5925924360548,1.6618341979530173e-6,8.066651558716066e-6,220.95238247563398,255.0
119,1.0574059812913605e-6,49.241700000754705,1.992709163080104e-6,64.2978539745353,29.64287485126927,7.518925545829422e-6,10.662992937056991,92.68593491769568,169.2843327708228,457.1428555196007,50.00000103091908,5345.757000861521,1.8899293325239454e-6,8.72034788207819e-6,187.5,304.93251329945167,315.1884338274835,2.2556776637488273e-6,399.9999985796505,9.667003666554437e-7,1.463130773715693e-10,5.800202199932665e-7,96.42889679974144,0.0,38.57871238472118,64.29786149346084,68.2623238681291,104.00000352986564,51.020417450455916,61.84263489199801,3.8120392901053863e-6,2.3616139383725216e-6,340.0000029398714,3.33780954855436e-5,317.3812854792044,60.98650291259844,29919.186272919276,3.172217943874085e-6,8.23246404453015e-6,239.05174121417522,317.3812834322186,4.093971555305414e-6,1.584222888816362e-5,220.95238016780692,240.0
120,1.931027286914775e-6,50.545893985070954,6.872499379058343,96.57454686454241,1.4257056225905221e-5,23.697672399937655,2.4097785744489272e-6,90.56564075773856,269.78481188564194,411.0895945837106,73.16071536050256,5325.278305693792,8.033678969180164e-6,67.71668905110039,175.0,360.8166203529713,296.6512115526044,7.109301719981296,359.70339526074673,1.1086026531131908e-6,1.262153729767917e-10,6.65161591867915e-7,101.51592510238716,0.0,57.94472811872544,120.27221926448007,64.3404195102753,96.00001583747873,50.00000405713249,50.00000769497233,1.0526377108927891,0.5263360557720633,340.00001522758276,2.305002106346055e-6,360.8166212492481,72.16332435432383,29775.755236911118,5.793081860744322e-6,2.7088890249866083e-6,195.09393973198615,360.8166164822997,9.533896756431352e-6,3.9104133009555713,198.69330404879344,240.0
121,2.504605308753501e-6,46.88240116335962,39.23675999852979,144.40913092357238,1.9573007761345708e-5,155.5908617701131,2.4097789924364543e-6,86.91931309416661,352.35458665013323,402.4999740253804,61.72843284133407,5312.848679219767,1.569369246708381e-5,92.89390580220702,162.5,396.68532682983033,278.5380884719383,46.677258531033935,352.18747727220784,1.0861611322934816e-6,1.2318268905446238e-10,6.516966793760881e-7,100.00317558720207,0.0,86.64547855414341,299.9999926936855,59.267822017590085,96.00003115783663,50.00000694987586,50.00002433439704,1.052634674556014,0.5263187158718718,340.0000305482344,2.0200157851896745e-6,396.6853287582717,79.33706565502254,29726.415562123027,7.513815926260496e-6,2.758197231345679e-6,153.8128648882433,340.7614769706423,111.84770357525872,3.72824298200259e-5,194.5416541122672,240.0
122,3.8240504576496375e-6,46.544025608080666,17.02868354923343,106.83171087810608,2.8729451545117502e-5,193.16828826574954,2.409778938644004e-6,65.71887633386154,281.6563128237019,374.9999967918051,55.55556890689506,5334.305092613021,0.5085966115382922,5.957763394534381e-5,150.0,289.7527302869564,261.15423851765087,57.95048647972486,328.1249971928294,1.0635426157509643e-6,1.1999887266544232e-10,6.381255694505789e-7,98.64790709149524,0.0,64.09902652686364,299.99999914385563,46.12637039485305,90.26530437855911,50.00000684834105,50.00002433452188,1.0526423468438368,0.5263187157858683,378.4364685318136,1.7876414050319363e-6,331.1636016060568,57.95054635225329,29727.02174899229,1.1472151372948926e-5,2.811935886322396e-6,88.15475327128543,221.94747863877677,218.43224593456011,1.931827987338458e-5,181.24999844937244,225.0
123,3.824054379672053e-6,53.61845423797572,10.720410839003462,108.10863741079821,5.263386790449053,191.89136173305891,2.4097788430231357e-6,52.29331266452829,226.29516414023811,367.7633631058936,50.000018974153086,5337.4958650437975,0.5067699537353972,5.9578082164823466e-5,137.5,287.837340493122,248.49362804557168,57.56740851991767,321.79294271765684,1.0635425206352325e-6,1.1999887276805547e-10,6.381255123811395e-7,99.63432453072498,0.0,64.86518244647893,299.9999991438571,37.20183379277166,82.25653105695494,50.00001398094336,50.000024334563825,1.0526255127929973,0.5263187157360624,351.6311617498019,1.7876411285094689e-6,342.2824915262207,57.56746839348641,29674.128956607154,1.1472163139016159e-5,2.8119360691813256e-6,60.504853542700054,219.81926775673804,244.92644753896545,1.1065175994277979e-5,177.75229216784857,225.0
124,1.6490834543032878e-5,54.68787128929626,30.7323724723273,143.24426849010655,5.262968132233254,156.75573184265937,2.4097787519833975e-6,35.635165364673306,100.39046609521088,340.26290370382765,50.0002228801107,5337.055725744969,99.99999190898149,553.3794984017496,125.0,777.510010769518,238.51639498244674,47.026719552797815,297.7300407408491,1.0265870236753441e-6,1.1449952348712361e-10,6.159522142052066e-7,93.08682980498563,0.0,85.94656109406392,300.0000003327659,26.803459349138947,107.99998200810509,50.000004978545135,50.00002433455814,1.052644913245562,0.5263187156320894,449.9999825782265,1.490859300337091e-6,1122.117066530119,155.50200245934388,29637.826104059615,4.947250362909866e-5,2.9098531906130847e-6,37.56137528618774,763.9000121107874,716.4341088386635,1.0008651666344384e-5,164.46040345685,210.0
125,1.6490939194018157e-5,47.869489234948375,32.72128174834272,135.195147192902,5.263163174262693,164.80485313986415,2.409778762700336e-6,55.53522102656752,219.88336189505094,367.76309874552123,50.00000978229841,5359.747060412555,99.99999190898608,561.6591625376146,137.5,797.1768612902763,326.3893525665341,49.44145594195924,321.792711402331,1.0265870194344162e-6,1.1449952353352514e-10,6.159522116606502e-7,95.78219725563946,0.0,81.1170883157412,300.00000033276615,36.275204492573934,107.99998200811194,50.00001448355415,50.00002433445383,3.222770379224299,0.5263187156418643,479.9999826282331,1.490859170045297e-6,1090.243087243764,159.43537256349558,30168.66877728965,4.9472817582054524e-5,2.9098473658540475e-6,58.18957448085854,785.7520682449634,608.9820379976013,1.000864214493456e-5,177.75216439366855,225.0
126,2.1602820169662303e-6,47.19760616072188,8.421579149933946,93.5758378663575,5.263236982804917,206.42415817631186,2.409778866115358e-6,143.89199312798115,163.7106535775081,407.7632174830267,50.00000328420535,5381.585780813125,9.08076934119069e-6,2.978605442805393e-5,162.5,309.6363861954897,410.2822990182472,61.92724745289355,356.7928152976483,1.103221190013699e-6,1.2549816072225911e-10,6.61932714008219e-7,108.88209323323959,0.0,56.1455027198145,299.99999604266935,65.10300243412652,80.00001797167377,52.06164299114893,50.000024334359836,6.428994506289874e-6,0.5263187157163479,340.000017321808,2.230722493693786e-6,374.7523554942928,61.92727752406818,30695.414195138754,6.480846050898684e-6,5.140135745470455e-6,191.0050044378923,244.04043068319666,261.4238496221922,1.2370847488326605e-5,197.0855551167962,240.0
127,2.9838360342748514e-6,52.57497554594855,15.401903317809497,114.17199376782605,14.642864460403933,57.108532821456386,2.409778992500978e-6,216.06067762126116,211.92799791287445,457.14284326084584,50.00006506750476,5370.476459232821,1.3002256154769293e-5,184.3605029322528,187.5,479.53934842838424,381.50390654080127,17.132559846436916,399.99998785324004,1.0909587511629482e-6,111.26046768705119,6.545752506977682e-7,91.35902261848373,0.0,68.50319626069563,171.28052658928243,79.76121558800943,96.00002577482452,51.02041082820153,50.00002433433743,1.7803954654776745e-5,0.5263187157578144,360.0000251150942,2.075785692238134e-6,479.539350091941,95.90786997355997,30580.81122226207,8.951508102824547e-6,3.31812413478341e-6,404.1781067907294,479.53933994704175,2.174115726694153e-5,1.1352899200370395e-5,220.9523742427421,255.0
128,6.814703912247575,53.830765863498506,22.753154746346922,128.51706850673526,1.0216641470283153e-5,97.85696748146879,2.4097790412401075e-6,282.16028357792817,235.4444787671004,457.14285673936547,58.91076784771781,5361.949997874228,3.395055962830603e-5,300.83537951063505,212.5,590.7241066549947,338.2917810622638,29.357090244440634,399.99999964694473,1.0738846165296388e-6,216.9418713166102,6.44330769917784e-7,98.29343807800957,0.0,77.11024110404115,226.37403598820404,86.25353628079901,120.00006761344197,50.000016032632175,50.000024334354514,1.052628122453053,0.5263218300901517,380.00006696504323,1.8881084448805842e-6,590.7241094607563,118.14482162314874,30522.664861119887,20.444111736742727,2.786830586540433e-6,631.5861801412727,590.724108101564,3.125173156796852e-6,2.868630566859041,220.95238075735998,270.0
129,17.61219007398795,48.601236346122725,0.00024308749617982326,81.87966021731006,5.263092101080846,43.624575273086926,2.4071800646217816e-6,322.9319386131235,344.55260571386674,457.1428555545344,50.00008964574591,5358.827091736335,37.82763715132137,0.00012155869411854944,225.0,306.08721683733273,281.85975450181155,13.087372581926077,399.9999986102175,1.0611624349483067e-6,311.7449036301787,6.366974609689844e-7,98.22209462864383,0.0,49.12779613038604,125.50423549039698,83.44199933079273,214.154117651678,50.00000949480405,50.0000272929871,1.0526351698296095,0.5263180427847644,598.9292556366245,1.7876359504144522e-6,306.0872244590146,61.21744366232874,30444.54853254576,52.83657022196385,2.8119376741815397e-6,493.6260620560838,306.08722379010345,1.6456328285719836e-6,9.302386253360012e-6,220.95238018469158,285.0
130,18.36978951204722,50.7903662766509,0.00013475125677561229,85.5280195786273,5.263168590509878,16.388545490827074,2.4050946935767627e-6,322.4602123440493,319.86591009881874,457.14285381942443,50.000008385212595,5333.794735024594,99.99996473349591,6.737667460349705e-5,212.5,307.2142498307699,253.20962008668,4.916563647248122,399.99999709199636,1.049823895710219e-6,390.9157447216931,6.29894337426131e-7,99.30925321893467,0.0,51.316811747176374,101.91656506945436,75.64440364921495,227.99992786000112,50.0000097563117,50.000026626829,1.0526324252980421,0.5263120745394924,599.9999284816132,1.7027395005297932e-6,315.3451367783753,61.44285026360066,30148.3730168708,55.10936853614166,2.8358608685218665e-6,301.8953840067358,315.3451362944163,1.2645075097368047e-6,9.381329620147079e-6,220.95237934605518,300.0
131,14.581913321188985,52.286552106557075,27.70955866074135,134.20405385472523,5.2631703224718605,127.8000512272003,2.4097793564385973e-6,301.7515612936037,481.8663067886233,457.14284681478847,50.000007832591905,5311.101548681087,99.99998912509938,298.28345001016726,200.0,573.5607069736873,283.7175422227585,38.34001536816009,399.9999909629398,1.0350213858330808e-6,450.4844380242673,6.210128314998495e-7,92.66491657181302,0.0,80.52243231283514,262.00410508192556,70.28225825050659,239.99997666064021,50.0000073801019,50.000020299694604,1.0526387203591292,0.5263229202946776,599.9999772608526,1.5512865211301513e-6,573.5607275512962,114.71214169763259,29967.235853843435,43.745739963566955,2.8862943147471467e-6,227.96618045588968,573.5607271743012,1.0332743973885477e-6,9.547759805104028e-6,220.95237596048105,300.0
132,10.794036677709792,54.59125927707175,21.703884868762522,128.03576913413679,5.263169866978062,92.32975756833882,2.4097795438005336e-6,350.12540370517473,378.2963784301747,457.1428392249253,50.000008805407504,5317.726429866676,99.99999133246233,166.0841285392102,187.5,467.740872554257,318.3672179092304,27.698927270501645,399.99998432180956,1.0287199168433727e-6,487.46396053014996,6.17231950106023e-7,108.40338203050631,0.0,76.82146148048207,220.36552670247562,70.73734545422283,239.99998107524382,50.00001097863649,50.00002433436775,1.0526372288803318,0.5263187157074276,599.9999816753851,1.5057828163593016e-6,467.7409560153588,93.54817481564042,30128.739595580068,32.38211003312937,2.903824830594609e-6,229.13725084060238,467.74095559126204,1.1988234028463158e-6,9.605610464886243e-6,220.95237229204722,300.0
133,2.4607048055339433,45.81883700829773,19.35326334280703,109.49736280653629,5.263169938815271,73.57523967177738,2.4097796784769528e-6,389.74869809887065,331.39877767173925,457.1428344549044,50.000009187327,5318.209111099171,99.99999191277398,315.63729886322943,175.0,584.0643294210846,343.3421272609427,22.072571901533212,399.99998014804135,1.026572588789791e-6,500.00000456334266,6.159435532738748e-7,91.72632875249872,0.0,65.69841768392178,183.07260247831368,72.01691039678711,227.99998221584082,50.00001306984236,50.000024334336075,1.0526383600892237,0.5263187160241081,599.9999828359652,1.4907562115387814e-6,606.2434261901926,116.81286618966186,30157.341373614916,7.382114416601829,2.909896482057404e-6,238.23439150434226,606.243425700732,1.3984590949820224e-6,9.62564879285553e-6,220.95236998653712,285.0
134,2.4607033617199368,48.24372419535591,17.250844742573474,110.03481045428246,5.263169924183145,67.13421743225337,2.409779549314945e-6,349.8199164709955,296.4290740215577,457.1428392248949,50.00000957820693,5315.957301322942,99.9999913324612,71.03792837348139,175.0,376.053499868753,360.3923783019081,20.14026522967601,399.999984321783,1.0287199146685428e-6,487.46396053014996,6.172319488011264e-7,104.20354731420302,0.0,66.02088627256947,177.16902788653584,71.24946755920766,227.99998105524867,50.00001618748134,50.00002433460543,1.0526399472016137,0.5263187156997244,599.9999816753897,1.5057828701384907e-6,376.05358332906474,75.2107002785396,30330.03803757554,7.382110085159811,2.9038248212004175e-6,228.9306159697969,376.0535827500409,1.6367663978069278e-6,9.605612418082582e-6,220.95237229203252,285.0
135,1.7031252901550291,51.27089834221551,15.404862464062592,112.00346357871558,5.263169820005403,59.706532860321914,2.4097794596336445e-6,297.57102282290805,315.16033925510436,457.1428468147307,50.000009937189255,5311.833305797753,99.99998912509965,73.27400486808672,187.5,375.8953408944273,385.428385100455,17.911959858096573,399.9999909628893,1.0350213722640467e-6,450.4844380242673,6.21012823358428e-7,99.5809398014188,0.0,67.20207814722934,171.7099964390375,71.61780736429797,215.99997662066167,50.00002075691554,50.00002433456406,1.052642001811243,0.5263187157093296,599.9999772608732,1.5512865748831907e-6,375.89536147185913,75.1790684817806,30263.717596367143,5.109375870465088,2.886294339553984e-6,230.81116981279402,375.89536077186204,1.9185639791178024e-6,9.547763110248639e-6,220.95237596045314,270.0
136,5.491002656913496,45.69021726992249,23.377852832648262,115.99065094737612,5.263170206332985,92.11763912098367,2.4097793380502337e-6,286.87282007802696,405.31412633520495,457.14285198032866,50.000010222198505,5305.752826052527,99.99998247360769,187.8299101181442,200.0,477.8898912420701,420.9141684810663,27.6352917362951,399.99999548278754,1.0450856440884154e-6,390.91574471695,6.270513864530482e-7,96.74290274170421,0.0,69.59439056842568,208.1082900683598,79.45230016123368,215.99996331822402,50.00002720529334,50.00002433453233,1.052692175201368,0.5263218305486153,569.9999639087293,1.628637056096957e-6,477.8899001546587,95.57797854837688,30198.504899347554,16.473007970740486,2.859151108882305e-6,333.6748797607393,477.8898995807121,1.4996306966954924e-6,9.458189862698334e-6,220.9523784571588,270.0
137,13.824334095479383,54.65099773470436,0.00024306454847080727,91.96258757370457,5.263167372033165,33.921602204227455,2.4071799841866994e-6,167.6776570856602,189.62456615163285,457.1428555545707,50.00001094000566,5305.294988836806,1.01190354224433,0.00012155017283317182,212.5,307.0138743940865,458.5395860057915,10.176480661268235,399.99999861024935,1.061162625795299e-6,311.7449036301791,6.366975754771798e-7,96.2378605571603,0.0,55.17755254422274,125.88418977793202,90.03500646525892,160.75446325170122,50.00008121799603,50.00002729359836,1.0525656290692615,0.5263130909872653,537.4392431060857,1.7876398022028303e-6,307.01388201605494,61.402775173679395,30186.129881609253,41.47300228643815,2.8119374383553733e-6,642.287336449081,307.01388163077405,9.478551924391925e-7,9.302380514911992e-6,220.95238018470917,285.0
138,21.400095171479975,52.7698243094923,29.113647783293736,137.34974486793513,5.263179070125622,162.65023581535107,2.4097779968858986e-6,136.8200627575371,394.15482517903234,457.1428557018645,50.00000905745711,5278.284729961777,0.5263429719390272,519.5674706244508,237.5,782.8513704451535,425.9653609675251,48.795070744605326,399.9999987391314,1.0635429365250113e-6,216.9418713115611,6.381257619150061e-7,91.12659395918256,0.0,82.40984692076108,299.9999806832862,92.6322688232007,130.25866756170052,50.000013981317764,50.000021923226605,3.222773518767808,0.5263761742101072,399.1185668459578,1.7876429322806042e-6,782.85137438615,156.57027438389272,29800.75760128998,64.20028551443993,2.8119303571302644e-6,770.5476684192622,782.8513740949293,6.696001301672413e-7,9.30237720609065e-6,220.95238025590115,285.0
139,20.6425133443808,52.17708231760528,3.8182512287604476e-5,87.83898233765514,5.263161742485761,16.37122608613695,2.3933302936984576e-6,116.74034585332063,163.70275915769366,457.14285889038683,50.00001847635474,5279.6086970981105,5.517797454352439e-6,1.9086573464935125e-5,250.0,310.55239533487486,399.10137225308983,4.9113678258410856,400.0000015290884,1.1135122219655174e-6,111.26046770332614,6.681073331793099e-7,96.59934338971294,0.0,52.70338940259309,104.2102084237921,89.83741313735909,128.00001072567062,52.06164558459413,50.00007653288553,8.764993958624851e-6,0.5262701822935879,360.0000101457194,2.6539505852929245e-6,312.6403766938236,62.110479345902604,29857.996470862876,61.92754003314241,4.028129975524229e-6,593.4222410093203,312.6403764474656,5.279608341960389e-7,8.815642249520523e-6,220.95238179702025,270.0
140,16.854634941461903,52.631566820732814,2.9801869505871636e-5,88.59649338565009,5.26316337745586,8.79974907644985,2.388745347138499e-6,103.16987088841216,259.12856574480327,457.1428594587188,50.00001100445732,5252.657511339415,3.796821692428409e-6,1.4896190591409003e-5,237.5,324.3883661844325,375.7533053754993,2.6399247229349543,400.0000020263789,1.1406298952644482e-6,1.3316436326813476e-10,6.843779371586701e-7,109.65363184413621,0.0,53.15789603139005,97.39624246209993,84.59964949630552,120.00000730367678,51.02041675950969,50.000029921440536,7.837123132127026e-6,0.5263006569031862,360.00000670369997,3.39599549378884e-6,327.966104375258,64.87767350914459,29501.943145343856,50.563904824385716,4.130035078241272e-6,412.2304796152824,327.9661040891059,5.723041702200466e-7,8.61191276375091e-6,220.95238207171406,270.0
141,8.521304176818287,53.549621412304525,14.350900871652005,114.0447529828575,5.263171262914838,54.64175423389389,2.409778841699125e-6,96.02531268682785,359.4723845035329,457.14285851708985,50.00000604742332,5227.277646292393,8.033688628281333e-6,204.99829468042475,225.0,506.0595234221492,355.11933103146913,16.39252627016817,400.0000012024535,1.1086026960976937e-6,1.262153715519353e-10,6.651616176586164e-7,96.50137388155711,0.0,68.4268517897145,168.6865072167514,80.42891190957994,120.00001577751523,50.000011522181126,50.00001273181537,1.0526368546411304,0.5263308069341069,360.0000151776184,2.3050013942495153e-6,506.059524318421,101.21190496815946,29254.604872470878,25.56391253045486,2.708889258008672e-6,323.5457754035922,506.05952390840713,8.200277560492584e-7,8.962324677585463e-6,220.9523816165934,255.0
142,4.733422475500391,48.24707648602682,17.99870340732251,111.28682884656084,5.263161648566863,69.62195431506161,2.409779078486599e-6,93.42211084678839,367.2401414356989,457.14285851709036,50.00000870842411,5217.49987359117,8.033686569365917e-6,243.20349891728313,212.5,542.7263491078588,335.9142735649951,20.886586294518484,400.000001202454,1.1086027049073564e-6,1.2621537086564441e-10,6.651616229444137e-7,99.45705511599125,0.0,66.7720973079365,180.90878316162247,77.66394247374048,112.00001579750054,50.0000134521842,50.00002433447531,1.0526348636832958,0.5263187157635548,360.0000151776039,2.305001485891897e-6,542.7263500041332,108.54527010530137,29265.47570190915,14.200267426501174,2.7088891876577273e-6,278.9139466794711,542.7263493553496,1.2975672108593797e-6,8.96232521614839e-6,220.95238161659367,255.0
143,1.9310278840682054e-6,53.08901956144314,26.505765297505405,133.53517045589356,5.263183668686312,137.47427096754296,2.409779050636647e-6,91.33994135628826,500.00000462042016,432.7631644302882,50.00000196969368,5212.199394256371,8.03368600630357e-6,544.9298859909776,187.5,813.0283194272936,317.22985646652694,41.242281290262895,378.6677688765021,1.108602706167296e-6,1.262153688492916e-10,6.651616237003779e-7,100.17185166987397,0.0,80.12110227353614,271.00944142343656,74.06587316681407,104.00001581748997,50.00001345217734,50.00002433449637,1.0526348636971592,0.5263187157639545,340.00001522759334,2.305001441782504e-6,813.0283203235705,162.60566416918832,29341.33083281875,5.793083652204626e-6,2.7088891264778928e-6,234.59418547689768,813.0283191785613,2.290018425308063e-6,1.2866006126422742e-5,209.16886280797257,240.0
144,1.9310271851041017e-6,45.33918645779445,17.89501367455697,106.26752924482676,5.263201015240549,68.04154218680065,2.4097790016038986e-6,88.85717459601231,348.21687686735874,420.2631817768445,50.00001271481196,5216.485397603832,8.033682812775745e-6,237.0707867300229,175.0,522.9271768544628,298.96187326615825,20.412462656040194,367.73028405473883,1.1086027020486e-6,1.2621537046788637e-10,6.651616212291601e-7,103.14164438433923,0.0,63.760517546896054,174.30907143162742,69.43106880272502,96.0000158374748,50.00001345218386,50.00002433451764,1.0526280191527224,0.5263187157209327,340.0000152275787,2.3050016762055127e-6,522.9271777507414,104.58543565462215,29745.50420752359,5.793081555312298e-6,2.7088890942505016e-6,191.71175660126264,522.9271729837967,9.533889423337123e-6,1.2866006376819125e-5,203.1272045254748,240.0
145,2.5046060387739897e-6,45.69194256466782,37.451983622010246,139.45040596480305,5.263184459965373,160.54958672888486,2.4097789714656532e-6,84.930298185931,334.8033130313751,407.7631642138203,50.00003886464468,5213.551090637572,1.569373101455523e-5,62.31807595855847,162.5,366.0237900310014,281.1904434178415,48.16487601866546,356.79276868709275,1.0861611011440753e-6,1.2318269139318357e-10,6.516966606864442e-7,95.45437343981439,0.0,83.67024357888182,299.9999926936879,63.54541166848473,96.00003115785195,50.00000694987306,50.00002433449787,1.0526346745594228,0.5263187158216437,340.0000305482497,2.020015053935208e-6,366.02379195944195,73.20475829525675,29867.547940292854,7.513818116321969e-6,2.7581972552187742e-6,151.52429014558425,306.69310274972054,118.66137841944278,1.1980945049993642e-5,197.08552937001312,240.0
146,3.8240507953526e-6,53.5333293135701,7.836853115162431,103.16083299700338,5.263136495748293,196.83916614685327,2.409778866217398e-6,64.21127326981005,357.9780260302306,380.26311281119024,50.000047603626214,5231.939450759037,0.525926288530806,5.957769606822758e-5,150.0,295.2590471121251,264.20439644523856,59.05174984405598,332.7302237097914,1.0635425412493378e-6,1.1999887165853681e-10,6.381255247496018e-7,103.3234608521374,0.0,61.89649979820202,299.99999914385666,48.61735074045028,90.30237549854829,50.00000684834152,50.00002433457401,1.0526423468451693,0.5263187157058175,410.3031753563488,1.7876407177958711e-6,313.3294470433311,59.05180971728703,29838.95144216406,1.1472152386057794e-5,2.8119359055923075e-6,87.17137598973966,228.06560844451943,170.5276771976233,1.10651904146253e-5,183.79383785874194,225.0
147,3.824055092130669e-6,53.03800909590276,8.648417298819018,103.68790627370942,5.263394469889073,196.31209287014843,2.409778793809051e-6,51.1632579528597,321.9970670190158,367.76337078533203,50.000010866655614,5225.191098652063,0.5216172862704737,5.9578139506131274e-5,137.5,294.4684372012377,251.86176977911333,58.89362786104452,321.7929494371655,1.0635424700827341e-6,1.199988718918337e-10,6.381254820496401e-7,108.32842539130536,0.0,62.21274376422565,299.99999914385785,38.80925597496673,82.28960758016865,50.00001398094506,50.00002433453946,1.052625512791972,0.5263187157401922,377.25049833005073,1.7876404471102197e-6,315.296161847128,58.89368773510955,29786.64867614791,1.1472165276392007e-5,2.8119360824168964e-6,60.027486072173566,227.18715298797747,176.21801771830113,1.1065175235924068e-5,177.75229587957713,225.0
148,1.6490835510546924e-5,48.99585436462899,29.923507354432175,132.40946508588277,5.262968133444727,167.5905352468832,2.409778722084415e-6,35.004043645988084,159.60066229638431,340.26290370503585,50.0002228788318,5222.196739158392,99.99999190899497,533.6439163994154,125.0,755.9939864434994,242.12465262423117,50.27716057406496,297.73004074190635,1.0265870002443511e-6,1.1449952352958005e-10,6.159522001466112e-7,92.16615913242678,0.0,79.44567905152967,300.000000332766,27.630578763845556,107.99998200810404,50.00000497854582,50.00002433453799,1.0526449132452484,0.5263187156602295,449.9999825782254,1.4908588681972933e-6,1066.453672300832,151.19879759414016,29750.632244082746,4.94725065316408e-5,2.909853184797919e-6,37.36537759016636,739.9933184152112,652.920707771242,1.0008651600134285e-5,164.46040345743398,210.0
149,1.6490941856642943e-5,53.675590184853306,27.973839128843718,136.95957774354494,5.263163174262555,163.0404225892213,2.409778725821362e-6,54.10359090639153,96.34194645635121,367.76309874551237,50.00000978229838,5243.8310728836705,99.99999190899992,509.6157789705728,137.5,760.0880386998755,330.1238345520689,48.91212677676639,321.7927114023233,1.0265869905167452e-6,1.1449952361734713e-10,6.159521943100468e-7,106.08644877926947,0.0,82.17574664612695,300.00000033276626,37.91973288310608,107.9999820081106,50.00001448355454,50.00002433446065,3.222770379332507,0.5263187156216629,479.9999826282318,1.4908587255571906e-6,1107.0951098259159,152.0176080454154,30261.856933928062,4.947282556992899e-5,2.9098473584365834e-6,57.97667621050239,744.5422653667401,725.1056889183512,1.0008642067802127e-5,177.7521643936643,225.0
150,2.1602820208842116e-6,46.20139945674517,13.050338686939664,99.63009258813887,5.26323698297902,200.36990345453137,2.4097788410476143e-6,135.09087640610738,50.00000011834575,407.76321748320083,50.00000328420526,5260.428992147582,9.08078428579851e-6,2.9786092605959863e-5,162.5,300.55500411309174,414.30310702783083,60.11097103635941,356.79281529780064,1.1032211672221684e-6,1.254981609624256e-10,6.619327003333015e-7,96.97539228058506,0.0,59.778055552883316,299.9999960426702,71.25953179588684,80.00001797167296,52.06164299125211,50.00002433434744,6.428994648178992e-6,0.5263187157561545,340.0000173218072,2.2307214276575055e-6,420.60911947956765,60.111001107588585,30736.686707172335,6.480846062652642e-6,5.140135630340097e-6,193.64959179800582,233.95000614719862,373.3182266647381,1.2370847457665693e-5,197.08555511688036,240.0
151,2.983836027550023e-6,50.779761372567656,15.587202828298418,111.48880266298497,14.64286446045664,62.20295183841181,2.4097789420493204e-6,193.12629748229472,215.68938380846544,457.1428432608992,50.000065067670114,5252.101471295756,1.3002262584318623e-5,182.57425737604981,187.5,486.2901383466128,387.28493789477506,18.660885551523542,399.9999878532867,1.0909587607572497e-6,111.26046768705122,6.545752564543498e-7,101.4243837979953,0.0,66.89328159779097,173.6917545013968,89.29279369157497,96.00002577477021,51.02041082830289,50.000024334363,1.7803905995672492e-5,0.5263187157450743,360.0000251150398,2.075785377348696e-6,486.2901400101747,97.25802795720567,30620.496981879623,8.95150808265008e-6,3.3181257995419034e-6,417.5809088261303,486.29012986528943,2.1741127249124738e-5,1.1352898534859468e-5,220.9523742427679,255.0
152,6.814703912117217,45.21026958319168,21.319234492919897,111.75970761804223,1.0216640871161449e-5,91.95587845239811,2.409778977119964e-6,236.782626910497,200.96056283281825,457.14285673936996,58.910767847917406,5240.900836016582,3.395058922292505e-5,237.47346584072355,212.5,531.5967765774329,348.6596884440374,27.58676353571943,399.9999996469487,1.0738846255772907e-6,216.94187131661022,6.443307753463741e-7,100.75769496164648,0.0,67.05582457082534,203.71558607044034,97.57751831578359,120.00006761300615,50.000016032683526,50.00002433436778,1.0526281223873437,0.5263218306081198,380.00006696464243,1.888108251114381e-6,531.5967793832049,106.31935560763637,30552.522693959996,20.44411173635165,2.7868304227576953e-6,665.6398547737195,531.5967780240128,3.125172510371251e-6,2.868630567284044,220.95238075736216,270.0
153,17.612190288491277,47.829515799404255,0.00024310122445381829,81.47935810055044,5.2630928089444655,42.41462079939283,2.407174727133294e-6,256.48446896209924,324.16582239421626,457.14285555453733,50.0000896454776,5232.946815014767,19.860600567042706,0.00012155977265507906,225.0,302.1600277725252,301.3031932170997,12.724386239817848,399.9999986102201,1.0611625223416002e-6,311.7449036301787,6.366975134049605e-7,93.93191922067943,0.0,48.88761486033026,123.89397889994328,95.1164823835415,214.1390988198486,50.000009494792124,50.00002729349236,1.052639616880414,1.0578573057137568,598.9202174749445,1.7876353528527555e-6,302.16003539423826,60.43200584936722,30390.61224693649,52.83657086547383,2.8119375624084306e-6,548.3990486543591,302.16003472532725,1.6456326029438703e-6,9.30238600144805e-6,220.95238018469303,285.0
154,18.36978867582013,47.58844590104745,1.801195802923514e-5,79.31423532324217,5.263167267245655,7.309998272026169e-5,2.4579835088490217e-6,259.4408206748393,240.46845145836076,457.14285533465653,50.00000905744182,5204.412113400929,45.905185636318535,5.048755169182427e-5,212.5,309.50788667508505,268.87386797710894,2.1929994816078486e-5,399.99999841782443,1.032302209764942e-6,390.91574472653525,6.193813258589654e-7,102.70818300802951,0.0,47.588541193945304,79.31430842322489,87.2560180204838,225.97616061226572,50.0000139809984,50.50498892711737,1.0526264966544796,7.870662112764075e-5,598.8645536584426,1.7876360341010804e-6,323.6605921457296,61.90157762987918,30061.572939303645,55.10936602746038,2.811937528446038e-6,353.30316130467685,323.66059164400366,1.3109297673966483e-6,9.30238265270908e-6,220.9523800784173,300.0
155,14.581914617920114,52.79201287442046,14.853958946779946,114.50653089423672,5.26317460172153,61.83069133958371,2.4097732195617867e-6,265.11829071677795,359.76633006740434,457.1428468148262,50.00000726359927,5178.235326006742,99.99998912513354,80.84216967104688,200.0,386.02493344299086,260.59562821038145,18.549207401875112,399.9999909629729,1.0350213711088191e-6,450.4844380242674,6.210128226652908e-7,102.77961541425269,0.0,68.70391853654203,176.33722223382043,80.07603155536832,239.99997666058016,50.000005913265944,50.00001122178521,2.1266982567678334,1.0579480900934801,599.9999772607924,1.5512857652265074e-6,386.02495402091876,77.2049869914933,29849.591093008392,43.745743853760345,2.8862899656100515e-6,254.80567772785372,386.0249536439238,1.0332743637137178e-6,9.547758972778257e-6,220.95237596049935,300.0
156,10.794030017540972,54.8096916543232,5.687184776932289e-6,91.34950342144182,5.263163694910111,2.0104321324701828e-5,3.5544422796041826e-6,316.1143407032294,209.34277001647976,457.1428553346407,50.0000123586022,5169.066475486911,95.96022379026175,5.048629820143e-5,187.5,306.53398233137244,302.57195801225186,6.031296397410552e-6,399.99999841781056,9.705561418978072e-7,487.4639605489143,5.823336851386835e-7,98.0969682748308,0.0,54.8097020528651,91.34952352576315,80.38129610929015,238.39992727094074,51.0203661007301,50.50505925855277,5.2651793014822776e-5,7.2952432587990266e-6,598.9961816894161,1.787635402055168e-6,319.0493932906375,61.3067967611367,29777.549856042726,32.38209005262292,2.990058727604011e-6,253.50436318748044,319.04939280824226,1.3636197473960808e-6,9.302384185844569e-6,220.95238007840967,300.0
157,2.4607054190526565,45.22337173747556,15.914485289310143,102.77364560731844,5.263171963436108,62.72599859127206,2.409779309153559e-6,359.0319091979163,305.7793905488092,457.1428344549138,50.000006840923234,5144.952092341309,99.99999191280767,263.4814886749392,175.0,543.8321528094253,330.51130048609303,18.817799577381617,399.99998014804953,1.0265725398241242e-6,500.00000456334266,6.159435238944743e-7,100.02530509116876,0.0,61.66418736439106,165.4996441985905,81.53943555717031,227.9999822158317,50.000005650488625,50.00001185493015,1.0526442256871795,0.5263317208121256,599.9999828359561,1.4907551187957114e-6,565.6413646647288,108.76643086732997,29625.44728861654,7.3821162571579695,2.9098963675655494e-6,259.4286552449133,565.641364175268,1.3984591859010363e-6,9.625648536695094e-6,220.95236998654164,285.0
158,2.460704930874152,47.259718480138915,29.14172580347409,128.21293602788197,5.263170370900916,171.7869603462369,2.4097795025926755e-6,326.33438905739587,499.5559767722836,457.14283447343576,50.00000938983359,5136.404746963468,99.99999191095769,521.8329904125779,175.0,777.5335997674226,353.7049093072825,51.536088103871066,399.9999801642562,1.0265797298349993e-6,487.4639605288984,6.159478379010001e-7,101.92481171981875,0.0,76.92776161672919,299.99989637411886,80.126462842655,227.99998221213804,50.00001448883287,50.000024334542566,1.0526455708419362,0.5263187163159426,599.9999828322638,1.4908056216579626e-6,793.1740845928862,155.50672025892723,29733.27158414453,7.382114792622457,2.909875706836759e-6,243.53914809994916,793.1740840240196,1.6080543756503706e-6,9.625580468547676e-6,220.95236999549394,285.0
159,1.7031259046718066,52.85583807680396,27.492902882388663,135.6777004165651,5.263171847506557,163.8402979618765,2.409773809909077e-6,278.10797217096064,500.0000045877916,457.1428468143218,50.00001017101614,5141.508533914146,99.99998912537556,378.44853863766645,187.5,655.6834189890924,383.43802215476245,49.15208938856295,399.9999909625315,1.0350208314235539e-6,450.48443802426704,6.21012498854131e-7,105.43461365839548,0.0,81.40662024993905,299.5179983784416,80.21425690782613,215.99997662110658,50.000024428328985,50.00002433508728,2.126689160102483,1.057880665499408,599.9999772613185,1.5512815693698936e-6,655.683439567748,131.13668410071378,30108.98108569714,5.1093777140154195,2.8862917244092057e-6,241.67777092121327,655.6834388677545,1.9185543930276037e-6,9.547767837500188e-6,220.95237596025555,270.0
160,5.4910002998614615,53.48605744746811,1.8011978268006736e-5,89.14355556479093,5.263165626577666,7.310028166460493e-5,2.486346506240323e-6,260.7340808922101,187.17409169704828,457.1428553346512,50.000012358763826,5144.937159724187,37.59652283738723,5.0487119078616535e-5,200.0,315.4304453161593,422.81641566603093,2.193008449938148e-5,399.9999984178197,1.0323022803962073e-6,390.9157447265353,6.193813682377237e-7,106.78085084187697,0.0,53.48613333887455,89.1436286650726,89.76315286009984,213.93083277953633,51.020375603657946,50.505008187356836,5.264691469586001e-5,5.933347239633576e-5,568.8417151871287,1.787636277877288e-6,327.7332600649983,63.086089358094036,30342.42296178208,16.473000899584385,2.990080889108444e-6,349.50276624769003,327.73325947732627,1.5354932754096152e-6,9.302383698735382e-6,220.9523800784147,270.0
161,13.824335364431215,54.00033943112981,12.527258059409938,111.75654643304625,5.263171027584325,49.03545249525412,2.40977899892803e-6,260.4018170064865,386.3535797554721,457.14285497938494,50.00000867615338,5118.008231878135,99.999934966956,94.37606461819308,212.5,392.14907949661693,406.38629419684423,14.710635748576236,399.99999810696175,1.0582993785410065e-6,311.74490362753346,6.349796271246034e-7,91.53127511179716,0.0,67.05392785982775,160.79199892830036,99.33701533565149,203.99986829115977,50.00001495870018,50.00001185507519,1.0526650425529067,0.5263317207676282,539.9998688554884,1.7399952021024677e-6,392.14908427610675,78.4298161955996,30132.721352520584,41.47300609329365,2.8250261924103157e-6,540.261167657862,392.1490838881167,9.54520198513234e-7,9.345576359130262e-6,220.95237990670267,285.0
162,21.40009353977109,50.15092062993042,25.93120796128775,127.68083485891118,5.263174640127126,162.0048537527036,2.409777979635483e-6,157.88801594903893,335.458027490346,457.14285673935103,50.00001044729435,5100.73438533685,3.3951134635936244e-5,481.18131995775036,237.5,755.9361671253108,449.3058670808271,48.60145612581108,399.99999964693205,1.073884484170578e-6,216.94187131661013,6.443306905023457e-7,102.40392503959312,0.0,76.60850091534671,289.6856886116148,105.06201798455392,128.0000675948608,50.000043476239654,50.000024334644216,2.126720036915739,0.5263736600220393,360.000067016384,1.8881064442857074e-6,755.9361699310402,151.18723371721202,29902.940716544057,64.20028061931326,2.7868270505203914e-6,737.049966066407,755.9361696288854,6.947407637466257e-7,9.219531452101545e-6,220.95238075735293,285.0
163,20.64251301743656,51.495263035116004,3.818268278066338e-5,86.7025893637207,5.263160663569859,16.727930865024838,2.3933306738988487e-6,124.39980802558277,162.7615684880381,457.1428588903869,50.00001560591574,5095.146987902771,5.5178012421195765e-6,1.9086591126715692e-5,250.0,309.7448664960267,417.7282940467012,5.0183792595074515,400.0000015290884,1.1135122383716426e-6,111.26046770332614,6.681073430229847e-7,96.05164692845459,0.0,52.02155361823242,103.43052022874554,101.57743459353709,128.0000107256706,51.02042370828266,50.00007653171031,1.1906586482259625e-5,0.526253680252071,360.00001014571933,2.6539495522112977e-6,311.98566879891666,61.948973578132964,29941.892056861965,61.92753905230968,3.5496223581713623e-6,574.0227573808801,311.9856685525586,5.279608304256182e-7,8.81564228142988e-6,220.9523817970203,270.0
164,16.854637122976982,48.91670801741336,20.78253249717722,117.04261407545842,5.263169985237446,98.2115815789112,2.4097789146975593e-6,105.46160681335081,442.31400772868864,457.14285851708865,50.00000739609208,5064.673795707392,8.033696533677967e-6,359.73331120501484,237.5,645.7625897341718,392.848334734663,29.463474473673354,400.0000012024525,1.1086026776733803e-6,1.2624676231616896e-10,6.651616066040292e-7,94.54037198351398,0.0,70.22556844527504,215.2541956543696,94.84354872153634,120.00001577753427,50.00002280892958,50.000014243337226,1.0526252115249506,0.5263292318607056,360.00001517763735,2.30500074547724e-6,645.7625906304405,129.15251823056397,29597.478421520027,50.563911368930945,2.7088894842867816e-6,399.6948444651128,645.7625903314482,5.979844362766688e-7,8.962324810586237e-6,220.95238161659282,270.0
165,8.521303412889026,45.24779812859806,5.307096926203168,85.1353541153043,5.26316874194974,21.453004928373126,2.409779034714054e-6,95.64684387836655,260.1153446715546,457.1428585170917,50.000008708432325,5057.003263588109,8.033676245607495e-6,10.74551702200589,225.0,319.7650789029605,371.7560184428926,6.435901478511938,400.00000120245517,1.1086026975407804e-6,1.2621538537737202e-10,6.651616185244687e-7,94.50308222913375,0.0,51.081212469182574,106.58835904367743,89.61222667836712,120.00001577749077,50.00001345223707,50.00002433456214,1.052634863567617,0.5263187155576804,360.00001517759426,2.305002482411699e-6,319.7650797992359,63.95301606432169,29717.394826045977,25.563910238667077,2.708889107040994e-6,314.7409294432663,319.765079389222,8.200277397526037e-7,8.962324214250377e-6,220.9523816165943,255.0
166,4.733422475503724,47.740044378260606,22.98291757484936,118.74879894845705,5.263161648577127,119.8365352015798,2.4097791136759595e-6,91.26579057150263,459.5226230172587,457.1428585170892,50.00000870841586,5035.426692510802,8.033689253667198e-6,432.0682604189993,212.5,715.7560020730828,352.6266547380979,35.95096056047394,400.000001202453,1.108602698264143e-6,1.26215372691326e-10,6.651616189584867e-7,98.68632084545294,0.0,71.24927936907422,238.58533415003686,86.27111578767051,112.00001579751485,50.00001345211935,50.00002433438681,1.0526348637485088,0.5263187171406835,360.0000151776181,2.3050013084890116e-6,715.756002969355,143.15120069834614,29539.295785402024,14.200267426511173,2.7088892792406304e-6,272.46309364082686,715.7560023205713,1.2975672494474597e-6,8.96232551209273e-6,220.9523816165931,255.0
167,1.9310291505901913e-6,46.74846270923465,14.995557675195101,167.698206738042,22.765257813993614,76.10820452727772,2.409766816122637e-6,87.73993976350688,441.1608453606471,450.26523857562086,50.00000196969569,5032.52827534935,8.033685930969274e-6,438.965148544323,187.5,731.4192289529091,334.37350169468954,22.832461358183313,393.9820837536682,1.1086026887464997e-6,1.2621537277891883e-10,6.651616132478998e-7,97.65834287314999,0.0,100.61892404282518,243.8064112653197,81.95311847211444,104.00001581750666,50.000013452175644,50.000024335716994,1.052638734049971,38.874904959559565,340.00001522761005,2.3050015759238354e-6,731.4192298491824,146.2838460743114,29807.886189636527,5.793087451770574e-6,2.708889195007571e-6,230.30694176437868,731.4192287041731,2.2900189377385234e-6,1.2865976566369145e-5,217.62819864488338,240.0
168,2.5474435160388884e-6,51.479643426617706,2.5869974405529116e-5,111.12073273243841,42.14287089491268,8.624520426838897e-5,2.385569683338404e-6,84.127614984016,267.4775198130974,457.14285090997214,66.62698315288682,5022.9378974829115,7.194020223276679e-6,4.98041118159733,175.0,333.3624023917293,316.82551881287696,2.587356128051668e-5,399.9999945462256,1.0900672774544693e-6,1.269397845090461e-10,6.540403664726818e-7,107.42963337549436,0.0,66.67243963946304,111.12081897764268,76.45974450961967,96.00001415814778,50.000017129017294,86.43118126734477,53.684195845145005,15.192771638373333,340.00001354823127,2.3853537083289616e-6,333.36240309097957,66.67248076083058,30108.667173122223,7.642330548116662e-6,2.697358462668543e-6,189.41264050636434,333.36239662335026,1.2935258580812386e-5,1.1578376935361779e-5,220.95237793981983,240.0
